DATAFLOW,REF_AREA: Reference area,MEASURE: Measure,UNIT_MEASURE: Unit of measure,TIME_PERIOD: Time period,OBS_VALUE,OBS_STATUS: Observation status,UNIT_MULT: Unit multiplier,DECIMALS: Decimals
OECD.ELS.SAE:DSD_TUD_CBC@DF_TUD(1.0),OECD: OECD,TUD: Trade union density,PT_SAL: Percentage of employees,2000,20.9,E: Estimated value,,1: One
OECD.ELS.SAE:DSD_TUD_CBC@DF_TUD(1.0),OECD: OECD,TUD: Trade union density,PT_SAL: Percentage of employees,2001,20.299999,E: Estimated value,,1: One
OECD.ELS.SAE:DSD_TUD_CBC@DF_TUD(1.0),OECD: OECD,TUD: Trade union density,PT_SAL: Percentage of employees,2002,20,E: Estimated value,,1: One
OECD.ELS.SAE:DSD_TUD_CBC@DF_TUD(1.0),OECD: OECD,TUD: Trade union density,PT_SAL: Percentage of employees,2003,19.700001,E: Estimated value,,1: One
OECD.ELS.SAE:DSD_TUD_CBC@DF_TUD(1.0),OECD: OECD,TUD: Trade union density,PT_SAL: Percentage of employees,2004,19.299999,E: Estimated value,,1: One
OECD.ELS.SAE:DSD_TUD_CBC@DF_TUD(1.0),OECD: OECD,TUD: Trade union density,PT_SAL: Percentage of employees,2005,19,E: Estimated value,,1: One
OECD.ELS.SAE:DSD_TUD_CBC@DF_TUD(1.0),OECD: OECD,TUD: Trade union density,PT_SAL: Percentage of employees,2006,18.299999,E: Estimated value,,1: One
OECD.ELS.SAE:DSD_TUD_CBC@DF_TUD(1.0),OECD: OECD,TUD: Trade union density,PT_SAL: Percentage of employees,2007,18.200001,E: Estimated value,,1: One
OECD.ELS.SAE:DSD_TUD_CBC@DF_TUD(1.0),OECD: OECD,TUD: Trade union density,PT_SAL: Percentage of employees,2008,18,E: Estimated value,,1: One
OECD.ELS.SAE:DSD_TUD_CBC@DF_TUD(1.0),OECD: OECD,TUD: Trade union density,PT_SAL: Percentage of employees,2009,18.1,E: Estimated value,,1: One
OECD.ELS.SAE:DSD_TUD_CBC@DF_TUD(1.0),OECD: OECD,TUD: Trade union density,PT_SAL: Percentage of employees,2010,17.799999,E: Estimated value,,1: One
OECD.ELS.SAE:DSD_TUD_CBC@DF_TUD(1.0),OECD: OECD,TUD: Trade union density,PT_SAL: Percentage of employees,2011,17.700001,E: Estimated value,,1: One
OECD.ELS.SAE:DSD_TUD_CBC@DF_TUD(1.0),OECD: OECD,TUD: Trade union density,PT_SAL: Percentage of employees,2012,17.299999,E: Estimated value,,1: One
OECD.ELS.SAE:DSD_TUD_CBC@DF_TUD(1.0),OECD: OECD,TUD: Trade union density,PT_SAL: Percentage of employees,2013,17.1,E: Estimated value,,1: One
OECD.ELS.SAE:DSD_TUD_CBC@DF_TUD(1.0),OECD: OECD,TUD: Trade union density,PT_SAL: Percentage of employees,2014,16.799999,E: Estimated value,,1: One
OECD.ELS.SAE:DSD_TUD_CBC@DF_TUD(1.0),OECD: OECD,TUD: Trade union density,PT_SAL: Percentage of employees,2015,16.5,E: Estimated value,,1: One
OECD.ELS.SAE:DSD_TUD_CBC@DF_TUD(1.0),OECD: OECD,TUD: Trade union density,PT_SAL: Percentage of employees,2016,16.200001,E: Estimated value,,1: One
OECD.ELS.SAE:DSD_TUD_CBC@DF_TUD(1.0),OECD: OECD,TUD: Trade union density,PT_SAL: Percentage of employees,2017,16,E: Estimated value,,1: One
OECD.ELS.SAE:DSD_TUD_CBC@DF_TUD(1.0),OECD: OECD,TUD: Trade union density,PT_SAL: Percentage of employees,2018,15.9,E: Estimated value,,1: One
OECD.ELS.SAE:DSD_TUD_CBC@DF_TUD(1.0),OECD: OECD,TUD: Trade union density,PT_SAL: Percentage of employees,2019,15.8,E: Estimated value,,1: One
OECD.ELS.SAE:DSD_TUD_CBC@DF_TUD(1.0),MEX: Mexico,TUD: Trade union density,PT_SAL: Percentage of employees,2000,16.700001,,,1: One
OECD.ELS.SAE:DSD_TUD_CBC@DF_TUD(1.0),MEX: Mexico,TUD: Trade union density,PT_SAL: Percentage of employees,2002,15.5,,,1: One
OECD.ELS.SAE:DSD_TUD_CBC@DF_TUD(1.0),MEX: Mexico,TUD: Trade union density,PT_SAL: Percentage of employees,2005,16.9,,,1: One
OECD.ELS.SAE:DSD_TUD_CBC@DF_TUD(1.0),MEX: Mexico,TUD: Trade union density,PT_SAL: Percentage of employees,2006,16.299999,,,1: One
OECD.ELS.SAE:DSD_TUD_CBC@DF_TUD(1.0),MEX: Mexico,TUD: Trade union density,PT_SAL: Percentage of employees,2007,16.700001,,,1: One
OECD.ELS.SAE:DSD_TUD_CBC@DF_TUD(1.0),MEX: Mexico,TUD: Trade union density,PT_SAL: Percentage of employees,2008,15.6,,,1: One
OECD.ELS.SAE:DSD_TUD_CBC@DF_TUD(1.0),MEX: Mexico,TUD: Trade union density,PT_SAL: Percentage of employees,2009,15.3,,,1: One
OECD.ELS.SAE:DSD_TUD_CBC@DF_TUD(1.0),MEX: Mexico,TUD: Trade union density,PT_SAL: Percentage of employees,2010,14.5,,,1: One
OECD.ELS.SAE:DSD_TUD_CBC@DF_TUD(1.0),MEX: Mexico,TUD: Trade union density,PT_SAL: Percentage of employees,2011,14.7,,,1: One
OECD.ELS.SAE:DSD_TUD_CBC@DF_TUD(1.0),MEX: Mexico,TUD: Trade union density,PT_SAL: Percentage of employees,2012,14,,,1: One
OECD.ELS.SAE:DSD_TUD_CBC@DF_TUD(1.0),MEX: Mexico,TUD: Trade union density,PT_SAL: Percentage of employees,2013,13.8,,,1: One
OECD.ELS.SAE:DSD_TUD_CBC@DF_TUD(1.0),MEX: Mexico,TUD: Trade union density,PT_SAL: Percentage of employees,2014,13.6,,,1: One
OECD.ELS.SAE:DSD_TUD_CBC@DF_TUD(1.0),MEX: Mexico,TUD: Trade union density,PT_SAL: Percentage of employees,2015,13.1,,,1: One
OECD.ELS.SAE:DSD_TUD_CBC@DF_TUD(1.0),MEX: Mexico,TUD: Trade union density,PT_SAL: Percentage of employees,2016,12.7,,,1: One
OECD.ELS.SAE:DSD_TUD_CBC@DF_TUD(1.0),MEX: Mexico,TUD: Trade union density,PT_SAL: Percentage of employees,2017,12.5,,,1: One
OECD.ELS.SAE:DSD_TUD_CBC@DF_TUD(1.0),MEX: Mexico,TUD: Trade union density,PT_SAL: Percentage of employees,2018,12,,,1: One
OECD.ELS.SAE:DSD_TUD_CBC@DF_TUD(1.0),MEX: Mexico,TUD: Trade union density,PT_SAL: Percentage of employees,2019,12.3,,,1: One
OECD.ELS.SAE:DSD_TUD_CBC@DF_TUD(1.0),MEX: Mexico,TUD: Trade union density,PT_SAL: Percentage of employees,2020,12.4,,,1: One
OECD.ELS.SAE:DSD_TUD_CBC@DF_TUD(1.0),SWE: Sweden,TUD: Trade union density,PT_SAL: Percentage of employees,2000,81,,,1: One
OECD.ELS.SAE:DSD_TUD_CBC@DF_TUD(1.0),SWE: Sweden,TUD: Trade union density,PT_SAL: Percentage of employees,2001,78.699997,,,1: One
OECD.ELS.SAE:DSD_TUD_CBC@DF_TUD(1.0),SWE: Sweden,TUD: Trade union density,PT_SAL: Percentage of employees,2002,78,,,1: One
OECD.ELS.SAE:DSD_TUD_CBC@DF_TUD(1.0),SWE: Sweden,TUD: Trade union density,PT_SAL: Percentage of employees,2003,77.199997,,,1: One
OECD.ELS.SAE:DSD_TUD_CBC@DF_TUD(1.0),SWE: Sweden,TUD: Trade union density,PT_SAL: Percentage of employees,2004,76.400002,,,1: One
OECD.ELS.SAE:DSD_TUD_CBC@DF_TUD(1.0),SWE: Sweden,TUD: Trade union density,PT_SAL: Percentage of employees,2005,75.699997,,,1: One
OECD.ELS.SAE:DSD_TUD_CBC@DF_TUD(1.0),SWE: Sweden,TUD: Trade union density,PT_SAL: Percentage of employees,2006,74.300003,,,1: One
OECD.ELS.SAE:DSD_TUD_CBC@DF_TUD(1.0),SWE: Sweden,TUD: Trade union density,PT_SAL: Percentage of employees,2007,70.800003,,,1: One
OECD.ELS.SAE:DSD_TUD_CBC@DF_TUD(1.0),SWE: Sweden,TUD: Trade union density,PT_SAL: Percentage of employees,2008,68.300003,,,1: One
OECD.ELS.SAE:DSD_TUD_CBC@DF_TUD(1.0),SWE: Sweden,TUD: Trade union density,PT_SAL: Percentage of employees,2009,68.400002,,,1: One
OECD.ELS.SAE:DSD_TUD_CBC@DF_TUD(1.0),SWE: Sweden,TUD: Trade union density,PT_SAL: Percentage of employees,2010,68.199997,,,1: One
OECD.ELS.SAE:DSD_TUD_CBC@DF_TUD(1.0),SWE: Sweden,TUD: Trade union density,PT_SAL: Percentage of employees,2011,67.5,,,1: One
OECD.ELS.SAE:DSD_TUD_CBC@DF_TUD(1.0),SWE: Sweden,TUD: Trade union density,PT_SAL: Percentage of employees,2012,67.5,,,1: One
OECD.ELS.SAE:DSD_TUD_CBC@DF_TUD(1.0),SWE: Sweden,TUD: Trade union density,PT_SAL: Percentage of employees,2013,67.699997,,,1: One
OECD.ELS.SAE:DSD_TUD_CBC@DF_TUD(1.0),SWE: Sweden,TUD: Trade union density,PT_SAL: Percentage of employees,2014,67.300003,,,1: One
OECD.ELS.SAE:DSD_TUD_CBC@DF_TUD(1.0),SWE: Sweden,TUD: Trade union density,PT_SAL: Percentage of employees,2015,67,,,1: One
OECD.ELS.SAE:DSD_TUD_CBC@DF_TUD(1.0),SWE: Sweden,TUD: Trade union density,PT_SAL: Percentage of employees,2016,66.699997,,,1: One
OECD.ELS.SAE:DSD_TUD_CBC@DF_TUD(1.0),SWE: Sweden,TUD: Trade union density,PT_SAL: Percentage of employees,2017,66.099998,,,1: One
OECD.ELS.SAE:DSD_TUD_CBC@DF_TUD(1.0),SWE: Sweden,TUD: Trade union density,PT_SAL: Percentage of employees,2018,65.5,,,1: One
OECD.ELS.SAE:DSD_TUD_CBC@DF_TUD(1.0),SWE: Sweden,TUD: Trade union density,PT_SAL: Percentage of employees,2019,65.199997,,,1: One
OECD.ELS.SAE:DSD_TUD_CBC@DF_TUD(1.0),IRL: Ireland,TUD: Trade union density,PT_SAL: Percentage of employees,2000,35.900002,,,1: One
OECD.ELS.SAE:DSD_TUD_CBC@DF_TUD(1.0),IRL: Ireland,TUD: Trade union density,PT_SAL: Percentage of employees,2001,35,,,1: One
OECD.ELS.SAE:DSD_TUD_CBC@DF_TUD(1.0),IRL: Ireland,TUD: Trade union density,PT_SAL: Percentage of employees,2002,35.099998,,,1: One
OECD.ELS.SAE:DSD_TUD_CBC@DF_TUD(1.0),IRL: Ireland,TUD: Trade union density,PT_SAL: Percentage of employees,2003,34.900002,,,1: One
OECD.ELS.SAE:DSD_TUD_CBC@DF_TUD(1.0),IRL: Ireland,TUD: Trade union density,PT_SAL: Percentage of employees,2004,33.599998,,,1: One
OECD.ELS.SAE:DSD_TUD_CBC@DF_TUD(1.0),IRL: Ireland,TUD: Trade union density,PT_SAL: Percentage of employees,2005,32.400002,,,1: One
OECD.ELS.SAE:DSD_TUD_CBC@DF_TUD(1.0),IRL: Ireland,TUD: Trade union density,PT_SAL: Percentage of employees,2006,31.700001,,,1: One
OECD.ELS.SAE:DSD_TUD_CBC@DF_TUD(1.0),IRL: Ireland,TUD: Trade union density,PT_SAL: Percentage of employees,2007,30.5,,,1: One
OECD.ELS.SAE:DSD_TUD_CBC@DF_TUD(1.0),IRL: Ireland,TUD: Trade union density,PT_SAL: Percentage of employees,2008,30.9,,,1: One
OECD.ELS.SAE:DSD_TUD_CBC@DF_TUD(1.0),IRL: Ireland,TUD: Trade union density,PT_SAL: Percentage of employees,2009,31.9,,,1: One
OECD.ELS.SAE:DSD_TUD_CBC@DF_TUD(1.0),IRL: Ireland,TUD: Trade union density,PT_SAL: Percentage of employees,2010,31.6,,,1: One
OECD.ELS.SAE:DSD_TUD_CBC@DF_TUD(1.0),IRL: Ireland,TUD: Trade union density,PT_SAL: Percentage of employees,2011,31.6,,,1: One
OECD.ELS.SAE:DSD_TUD_CBC@DF_TUD(1.0),IRL: Ireland,TUD: Trade union density,PT_SAL: Percentage of employees,2012,30.1,,,1: One
OECD.ELS.SAE:DSD_TUD_CBC@DF_TUD(1.0),IRL: Ireland,TUD: Trade union density,PT_SAL: Percentage of employees,2013,28.5,,,1: One
OECD.ELS.SAE:DSD_TUD_CBC@DF_TUD(1.0),IRL: Ireland,TUD: Trade union density,PT_SAL: Percentage of employees,2014,26.299999,,,1: One
OECD.ELS.SAE:DSD_TUD_CBC@DF_TUD(1.0),IRL: Ireland,TUD: Trade union density,PT_SAL: Percentage of employees,2015,25.4,,,1: One
OECD.ELS.SAE:DSD_TUD_CBC@DF_TUD(1.0),IRL: Ireland,TUD: Trade union density,PT_SAL: Percentage of employees,2016,23.4,,,1: One
OECD.ELS.SAE:DSD_TUD_CBC@DF_TUD(1.0),IRL: Ireland,TUD: Trade union density,PT_SAL: Percentage of employees,2017,24.299999,,,1: One
OECD.ELS.SAE:DSD_TUD_CBC@DF_TUD(1.0),IRL: Ireland,TUD: Trade union density,PT_SAL: Percentage of employees,2018,24.1,,,1: One
OECD.ELS.SAE:DSD_TUD_CBC@DF_TUD(1.0),IRL: Ireland,TUD: Trade union density,PT_SAL: Percentage of employees,2019,25.1,,,1: One
OECD.ELS.SAE:DSD_TUD_CBC@DF_TUD(1.0),IRL: Ireland,TUD: Trade union density,PT_SAL: Percentage of employees,2020,26.200001,,,1: One
OECD.ELS.SAE:DSD_TUD_CBC@DF_TUD(1.0),ITA: Italy,TUD: Trade union density,PT_SAL: Percentage of employees,2000,34.799999,,,1: One
OECD.ELS.SAE:DSD_TUD_CBC@DF_TUD(1.0),ITA: Italy,TUD: Trade union density,PT_SAL: Percentage of employees,2001,34.200001,,,1: One
OECD.ELS.SAE:DSD_TUD_CBC@DF_TUD(1.0),ITA: Italy,TUD: Trade union density,PT_SAL: Percentage of employees,2002,33.700001,,,1: One
OECD.ELS.SAE:DSD_TUD_CBC@DF_TUD(1.0),ITA: Italy,TUD: Trade union density,PT_SAL: Percentage of employees,2003,33.599998,,,1: One
OECD.ELS.SAE:DSD_TUD_CBC@DF_TUD(1.0),ITA: Italy,TUD: Trade union density,PT_SAL: Percentage of employees,2004,34,,,1: One
OECD.ELS.SAE:DSD_TUD_CBC@DF_TUD(1.0),ITA: Italy,TUD: Trade union density,PT_SAL: Percentage of employees,2005,33.799999,,,1: One
OECD.ELS.SAE:DSD_TUD_CBC@DF_TUD(1.0),ITA: Italy,TUD: Trade union density,PT_SAL: Percentage of employees,2006,33.599998,,,1: One
OECD.ELS.SAE:DSD_TUD_CBC@DF_TUD(1.0),ITA: Italy,TUD: Trade union density,PT_SAL: Percentage of employees,2007,34,,,1: One
OECD.ELS.SAE:DSD_TUD_CBC@DF_TUD(1.0),ITA: Italy,TUD: Trade union density,PT_SAL: Percentage of employees,2008,33.900002,,,1: One
OECD.ELS.SAE:DSD_TUD_CBC@DF_TUD(1.0),ITA: Italy,TUD: Trade union density,PT_SAL: Percentage of employees,2009,34.700001,,,1: One
OECD.ELS.SAE:DSD_TUD_CBC@DF_TUD(1.0),ITA: Italy,TUD: Trade union density,PT_SAL: Percentage of employees,2010,35.299999,,,1: One
OECD.ELS.SAE:DSD_TUD_CBC@DF_TUD(1.0),ITA: Italy,TUD: Trade union density,PT_SAL: Percentage of employees,2011,35.200001,,,1: One
OECD.ELS.SAE:DSD_TUD_CBC@DF_TUD(1.0),ITA: Italy,TUD: Trade union density,PT_SAL: Percentage of employees,2012,35.5,,,1: One
OECD.ELS.SAE:DSD_TUD_CBC@DF_TUD(1.0),ITA: Italy,TUD: Trade union density,PT_SAL: Percentage of employees,2013,35.700001,,,1: One
OECD.ELS.SAE:DSD_TUD_CBC@DF_TUD(1.0),ITA: Italy,TUD: Trade union density,PT_SAL: Percentage of employees,2014,35.400002,,,1: One
OECD.ELS.SAE:DSD_TUD_CBC@DF_TUD(1.0),ITA: Italy,TUD: Trade union density,PT_SAL: Percentage of employees,2015,34.200001,,,1: One
OECD.ELS.SAE:DSD_TUD_CBC@DF_TUD(1.0),ITA: Italy,TUD: Trade union density,PT_SAL: Percentage of employees,2016,33.599998,,,1: One
OECD.ELS.SAE:DSD_TUD_CBC@DF_TUD(1.0),ITA: Italy,TUD: Trade union density,PT_SAL: Percentage of employees,2017,33.200001,,,1: One
OECD.ELS.SAE:DSD_TUD_CBC@DF_TUD(1.0),ITA: Italy,TUD: Trade union density,PT_SAL: Percentage of employees,2018,32.599998,,,1: One
OECD.ELS.SAE:DSD_TUD_CBC@DF_TUD(1.0),ITA: Italy,TUD: Trade union density,PT_SAL: Percentage of employees,2019,32.5,,,1: One
OECD.ELS.SAE:DSD_TUD_CBC@DF_TUD(1.0),AUS: Australia,TUD: Trade union density,PT_SAL: Percentage of employees,2000,24.9,,,1: One
OECD.ELS.SAE:DSD_TUD_CBC@DF_TUD(1.0),AUS: Australia,TUD: Trade union density,PT_SAL: Percentage of employees,2001,24.6,,,1: One
OECD.ELS.SAE:DSD_TUD_CBC@DF_TUD(1.0),AUS: Australia,TUD: Trade union density,PT_SAL: Percentage of employees,2002,23.200001,,,1: One
OECD.ELS.SAE:DSD_TUD_CBC@DF_TUD(1.0),AUS: Australia,TUD: Trade union density,PT_SAL: Percentage of employees,2003,23.200001,,,1: One
OECD.ELS.SAE:DSD_TUD_CBC@DF_TUD(1.0),AUS: Australia,TUD: Trade union density,PT_SAL: Percentage of employees,2004,22.799999,,,1: One
OECD.ELS.SAE:DSD_TUD_CBC@DF_TUD(1.0),AUS: Australia,TUD: Trade union density,PT_SAL: Percentage of employees,2005,22.5,,,1: One
OECD.ELS.SAE:DSD_TUD_CBC@DF_TUD(1.0),AUS: Australia,TUD: Trade union density,PT_SAL: Percentage of employees,2006,20.4,,,1: One
OECD.ELS.SAE:DSD_TUD_CBC@DF_TUD(1.0),AUS: Australia,TUD: Trade union density,PT_SAL: Percentage of employees,2007,18.799999,,,1: One
OECD.ELS.SAE:DSD_TUD_CBC@DF_TUD(1.0),AUS: Australia,TUD: Trade union density,PT_SAL: Percentage of employees,2008,18.799999,,,1: One
OECD.ELS.SAE:DSD_TUD_CBC@DF_TUD(1.0),AUS: Australia,TUD: Trade union density,PT_SAL: Percentage of employees,2009,19.6,,,1: One
OECD.ELS.SAE:DSD_TUD_CBC@DF_TUD(1.0),AUS: Australia,TUD: Trade union density,PT_SAL: Percentage of employees,2010,18.4,,,1: One
OECD.ELS.SAE:DSD_TUD_CBC@DF_TUD(1.0),AUS: Australia,TUD: Trade union density,PT_SAL: Percentage of employees,2011,18.4,,,1: One
OECD.ELS.SAE:DSD_TUD_CBC@DF_TUD(1.0),AUS: Australia,TUD: Trade union density,PT_SAL: Percentage of employees,2012,18.200001,,,1: One
OECD.ELS.SAE:DSD_TUD_CBC@DF_TUD(1.0),AUS: Australia,TUD: Trade union density,PT_SAL: Percentage of employees,2013,17,,,1: One
OECD.ELS.SAE:DSD_TUD_CBC@DF_TUD(1.0),AUS: Australia,TUD: Trade union density,PT_SAL: Percentage of employees,2014,15.1,,,1: One
OECD.ELS.SAE:DSD_TUD_CBC@DF_TUD(1.0),AUS: Australia,TUD: Trade union density,PT_SAL: Percentage of employees,2016,14.6,,,1: One
OECD.ELS.SAE:DSD_TUD_CBC@DF_TUD(1.0),AUS: Australia,TUD: Trade union density,PT_SAL: Percentage of employees,2018,13.7,,,1: One
OECD.ELS.SAE:DSD_TUD_CBC@DF_TUD(1.0),CRI: Costa Rica,TUD: Trade union density,PT_SAL: Percentage of employees,2000,14.3,,,1: One
OECD.ELS.SAE:DSD_TUD_CBC@DF_TUD(1.0),CRI: Costa Rica,TUD: Trade union density,PT_SAL: Percentage of employees,2001,13.5,,,1: One
OECD.ELS.SAE:DSD_TUD_CBC@DF_TUD(1.0),CRI: Costa Rica,TUD: Trade union density,PT_SAL: Percentage of employees,2002,14.3,,,1: One
OECD.ELS.SAE:DSD_TUD_CBC@DF_TUD(1.0),CRI: Costa Rica,TUD: Trade union density,PT_SAL: Percentage of employees,2003,14.5,,,1: One
OECD.ELS.SAE:DSD_TUD_CBC@DF_TUD(1.0),CRI: Costa Rica,TUD: Trade union density,PT_SAL: Percentage of employees,2004,13.9,,,1: One
OECD.ELS.SAE:DSD_TUD_CBC@DF_TUD(1.0),CRI: Costa Rica,TUD: Trade union density,PT_SAL: Percentage of employees,2005,13.3,,,1: One
OECD.ELS.SAE:DSD_TUD_CBC@DF_TUD(1.0),CRI: Costa Rica,TUD: Trade union density,PT_SAL: Percentage of employees,2006,12.9,,,1: One
OECD.ELS.SAE:DSD_TUD_CBC@DF_TUD(1.0),CRI: Costa Rica,TUD: Trade union density,PT_SAL: Percentage of employees,2007,11.5,,,1: One
OECD.ELS.SAE:DSD_TUD_CBC@DF_TUD(1.0),CRI: Costa Rica,TUD: Trade union density,PT_SAL: Percentage of employees,2008,12,,,1: One
OECD.ELS.SAE:DSD_TUD_CBC@DF_TUD(1.0),CRI: Costa Rica,TUD: Trade union density,PT_SAL: Percentage of employees,2009,13,,,1: One
OECD.ELS.SAE:DSD_TUD_CBC@DF_TUD(1.0),CRI: Costa Rica,TUD: Trade union density,PT_SAL: Percentage of employees,2010,12.9,,,1: One
OECD.ELS.SAE:DSD_TUD_CBC@DF_TUD(1.0),CRI: Costa Rica,TUD: Trade union density,PT_SAL: Percentage of employees,2011,13.4,,,1: One
OECD.ELS.SAE:DSD_TUD_CBC@DF_TUD(1.0),CRI: Costa Rica,TUD: Trade union density,PT_SAL: Percentage of employees,2012,13.1,,,1: One
OECD.ELS.SAE:DSD_TUD_CBC@DF_TUD(1.0),CRI: Costa Rica,TUD: Trade union density,PT_SAL: Percentage of employees,2013,13.7,,,1: One
OECD.ELS.SAE:DSD_TUD_CBC@DF_TUD(1.0),CRI: Costa Rica,TUD: Trade union density,PT_SAL: Percentage of employees,2014,12.4,,,1: One
OECD.ELS.SAE:DSD_TUD_CBC@DF_TUD(1.0),CRI: Costa Rica,TUD: Trade union density,PT_SAL: Percentage of employees,2015,18.6,,,1: One
OECD.ELS.SAE:DSD_TUD_CBC@DF_TUD(1.0),CRI: Costa Rica,TUD: Trade union density,PT_SAL: Percentage of employees,2016,19.299999,,,1: One
OECD.ELS.SAE:DSD_TUD_CBC@DF_TUD(1.0),CRI: Costa Rica,TUD: Trade union density,PT_SAL: Percentage of employees,2017,19.299999,,,1: One
OECD.ELS.SAE:DSD_TUD_CBC@DF_TUD(1.0),CRI: Costa Rica,TUD: Trade union density,PT_SAL: Percentage of employees,2018,19.4,,,1: One
OECD.ELS.SAE:DSD_TUD_CBC@DF_TUD(1.0),CRI: Costa Rica,TUD: Trade union density,PT_SAL: Percentage of employees,2019,20.5,,,1: One
OECD.ELS.SAE:DSD_TUD_CBC@DF_TUD(1.0),JPN: Japan,TUD: Trade union density,PT_SAL: Percentage of employees,2000,21.5,,,1: One
OECD.ELS.SAE:DSD_TUD_CBC@DF_TUD(1.0),JPN: Japan,TUD: Trade union density,PT_SAL: Percentage of employees,2001,20.9,,,1: One
OECD.ELS.SAE:DSD_TUD_CBC@DF_TUD(1.0),JPN: Japan,TUD: Trade union density,PT_SAL: Percentage of employees,2002,20.299999,,,1: One
OECD.ELS.SAE:DSD_TUD_CBC@DF_TUD(1.0),JPN: Japan,TUD: Trade union density,PT_SAL: Percentage of employees,2003,19.700001,,,1: One
OECD.ELS.SAE:DSD_TUD_CBC@DF_TUD(1.0),JPN: Japan,TUD: Trade union density,PT_SAL: Percentage of employees,2004,19.299999,,,1: One
OECD.ELS.SAE:DSD_TUD_CBC@DF_TUD(1.0),JPN: Japan,TUD: Trade union density,PT_SAL: Percentage of employees,2005,18.799999,,,1: One
OECD.ELS.SAE:DSD_TUD_CBC@DF_TUD(1.0),JPN: Japan,TUD: Trade union density,PT_SAL: Percentage of employees,2006,18.299999,,,1: One
OECD.ELS.SAE:DSD_TUD_CBC@DF_TUD(1.0),JPN: Japan,TUD: Trade union density,PT_SAL: Percentage of employees,2007,18.299999,,,1: One
OECD.ELS.SAE:DSD_TUD_CBC@DF_TUD(1.0),JPN: Japan,TUD: Trade union density,PT_SAL: Percentage of employees,2008,18.200001,,,1: One
OECD.ELS.SAE:DSD_TUD_CBC@DF_TUD(1.0),JPN: Japan,TUD: Trade union density,PT_SAL: Percentage of employees,2009,18.5,,,1: One
OECD.ELS.SAE:DSD_TUD_CBC@DF_TUD(1.0),JPN: Japan,TUD: Trade union density,PT_SAL: Percentage of employees,2010,18.4,,,1: One
OECD.ELS.SAE:DSD_TUD_CBC@DF_TUD(1.0),JPN: Japan,TUD: Trade union density,PT_SAL: Percentage of employees,2011,19,,,1: One
OECD.ELS.SAE:DSD_TUD_CBC@DF_TUD(1.0),JPN: Japan,TUD: Trade union density,PT_SAL: Percentage of employees,2012,18,,,1: One
OECD.ELS.SAE:DSD_TUD_CBC@DF_TUD(1.0),JPN: Japan,TUD: Trade union density,PT_SAL: Percentage of employees,2013,17.799999,,,1: One
OECD.ELS.SAE:DSD_TUD_CBC@DF_TUD(1.0),JPN: Japan,TUD: Trade union density,PT_SAL: Percentage of employees,2014,17.6,,,1: One
OECD.ELS.SAE:DSD_TUD_CBC@DF_TUD(1.0),JPN: Japan,TUD: Trade union density,PT_SAL: Percentage of employees,2015,17.5,,,1: One
OECD.ELS.SAE:DSD_TUD_CBC@DF_TUD(1.0),JPN: Japan,TUD: Trade union density,PT_SAL: Percentage of employees,2016,17.4,,,1: One
OECD.ELS.SAE:DSD_TUD_CBC@DF_TUD(1.0),JPN: Japan,TUD: Trade union density,PT_SAL: Percentage of employees,2017,17.200001,,,1: One
OECD.ELS.SAE:DSD_TUD_CBC@DF_TUD(1.0),JPN: Japan,TUD: Trade union density,PT_SAL: Percentage of employees,2018,17,,,1: One
OECD.ELS.SAE:DSD_TUD_CBC@DF_TUD(1.0),JPN: Japan,TUD: Trade union density,PT_SAL: Percentage of employees,2019,16.799999,,,1: One
OECD.ELS.SAE:DSD_TUD_CBC@DF_TUD(1.0),LTU: Lithuania,TUD: Trade union density,PT_SAL: Percentage of employees,2001,18.5,,,1: One
OECD.ELS.SAE:DSD_TUD_CBC@DF_TUD(1.0),LTU: Lithuania,TUD: Trade union density,PT_SAL: Percentage of employees,2003,12.2,,,1: One
OECD.ELS.SAE:DSD_TUD_CBC@DF_TUD(1.0),LTU: Lithuania,TUD: Trade union density,PT_SAL: Percentage of employees,2006,9.8000002,,,1: One
OECD.ELS.SAE:DSD_TUD_CBC@DF_TUD(1.0),LTU: Lithuania,TUD: Trade union density,PT_SAL: Percentage of employees,2007,9.3000002,,,1: One
OECD.ELS.SAE:DSD_TUD_CBC@DF_TUD(1.0),LTU: Lithuania,TUD: Trade union density,PT_SAL: Percentage of employees,2008,8.8999996,,,1: One
OECD.ELS.SAE:DSD_TUD_CBC@DF_TUD(1.0),LTU: Lithuania,TUD: Trade union density,PT_SAL: Percentage of employees,2009,10,,,1: One
OECD.ELS.SAE:DSD_TUD_CBC@DF_TUD(1.0),LTU: Lithuania,TUD: Trade union density,PT_SAL: Percentage of employees,2010,10.1,,,1: One
OECD.ELS.SAE:DSD_TUD_CBC@DF_TUD(1.0),LTU: Lithuania,TUD: Trade union density,PT_SAL: Percentage of employees,2011,9.6999998,,,1: One
OECD.ELS.SAE:DSD_TUD_CBC@DF_TUD(1.0),LTU: Lithuania,TUD: Trade union density,PT_SAL: Percentage of employees,2012,9,,,1: One
OECD.ELS.SAE:DSD_TUD_CBC@DF_TUD(1.0),LTU: Lithuania,TUD: Trade union density,PT_SAL: Percentage of employees,2013,8.3999996,,,1: One
OECD.ELS.SAE:DSD_TUD_CBC@DF_TUD(1.0),LTU: Lithuania,TUD: Trade union density,PT_SAL: Percentage of employees,2014,8.1000004,,,1: One
OECD.ELS.SAE:DSD_TUD_CBC@DF_TUD(1.0),LTU: Lithuania,TUD: Trade union density,PT_SAL: Percentage of employees,2015,7.9000001,,,1: One
OECD.ELS.SAE:DSD_TUD_CBC@DF_TUD(1.0),LTU: Lithuania,TUD: Trade union density,PT_SAL: Percentage of employees,2016,7.6999998,,,1: One
OECD.ELS.SAE:DSD_TUD_CBC@DF_TUD(1.0),LTU: Lithuania,TUD: Trade union density,PT_SAL: Percentage of employees,2017,7.6999998,,,1: One
OECD.ELS.SAE:DSD_TUD_CBC@DF_TUD(1.0),LTU: Lithuania,TUD: Trade union density,PT_SAL: Percentage of employees,2018,7.0999999,,,1: One
OECD.ELS.SAE:DSD_TUD_CBC@DF_TUD(1.0),LTU: Lithuania,TUD: Trade union density,PT_SAL: Percentage of employees,2019,7.4000001,,,1: One
OECD.ELS.SAE:DSD_TUD_CBC@DF_TUD(1.0),SVK: Slovak Republic,TUD: Trade union density,PT_SAL: Percentage of employees,2000,34.200001,,,1: One
OECD.ELS.SAE:DSD_TUD_CBC@DF_TUD(1.0),SVK: Slovak Republic,TUD: Trade union density,PT_SAL: Percentage of employees,2001,32.5,,,1: One
OECD.ELS.SAE:DSD_TUD_CBC@DF_TUD(1.0),SVK: Slovak Republic,TUD: Trade union density,PT_SAL: Percentage of employees,2002,30.1,,,1: One
OECD.ELS.SAE:DSD_TUD_CBC@DF_TUD(1.0),SVK: Slovak Republic,TUD: Trade union density,PT_SAL: Percentage of employees,2003,27.700001,,,1: One
OECD.ELS.SAE:DSD_TUD_CBC@DF_TUD(1.0),SVK: Slovak Republic,TUD: Trade union density,PT_SAL: Percentage of employees,2004,25.4,,,1: One
OECD.ELS.SAE:DSD_TUD_CBC@DF_TUD(1.0),SVK: Slovak Republic,TUD: Trade union density,PT_SAL: Percentage of employees,2005,23.5,,,1: One
OECD.ELS.SAE:DSD_TUD_CBC@DF_TUD(1.0),SVK: Slovak Republic,TUD: Trade union density,PT_SAL: Percentage of employees,2006,20.6,,,1: One
OECD.ELS.SAE:DSD_TUD_CBC@DF_TUD(1.0),SVK: Slovak Republic,TUD: Trade union density,PT_SAL: Percentage of employees,2007,18.700001,,,1: One
OECD.ELS.SAE:DSD_TUD_CBC@DF_TUD(1.0),SVK: Slovak Republic,TUD: Trade union density,PT_SAL: Percentage of employees,2008,16.799999,,,1: One
OECD.ELS.SAE:DSD_TUD_CBC@DF_TUD(1.0),SVK: Slovak Republic,TUD: Trade union density,PT_SAL: Percentage of employees,2009,16,,,1: One
OECD.ELS.SAE:DSD_TUD_CBC@DF_TUD(1.0),SVK: Slovak Republic,TUD: Trade union density,PT_SAL: Percentage of employees,2010,16.4,,,1: One
OECD.ELS.SAE:DSD_TUD_CBC@DF_TUD(1.0),SVK: Slovak Republic,TUD: Trade union density,PT_SAL: Percentage of employees,2011,14.5,,,1: One
OECD.ELS.SAE:DSD_TUD_CBC@DF_TUD(1.0),SVK: Slovak Republic,TUD: Trade union density,PT_SAL: Percentage of employees,2012,14.5,,,1: One
OECD.ELS.SAE:DSD_TUD_CBC@DF_TUD(1.0),SVK: Slovak Republic,TUD: Trade union density,PT_SAL: Percentage of employees,2013,14.1,,,1: One
OECD.ELS.SAE:DSD_TUD_CBC@DF_TUD(1.0),SVK: Slovak Republic,TUD: Trade union density,PT_SAL: Percentage of employees,2014,13.4,,,1: One
OECD.ELS.SAE:DSD_TUD_CBC@DF_TUD(1.0),SVK: Slovak Republic,TUD: Trade union density,PT_SAL: Percentage of employees,2015,12.6,,,1: One
OECD.ELS.SAE:DSD_TUD_CBC@DF_TUD(1.0),SVK: Slovak Republic,TUD: Trade union density,PT_SAL: Percentage of employees,2016,11.8,,,1: One
OECD.ELS.SAE:DSD_TUD_CBC@DF_TUD(1.0),SVK: Slovak Republic,TUD: Trade union density,PT_SAL: Percentage of employees,2017,11.5,,,1: One
OECD.ELS.SAE:DSD_TUD_CBC@DF_TUD(1.0),SVK: Slovak Republic,TUD: Trade union density,PT_SAL: Percentage of employees,2018,11.3,,,1: One
OECD.ELS.SAE:DSD_TUD_CBC@DF_TUD(1.0),CHL: Chile,TUD: Trade union density,PT_SAL: Percentage of employees,2000,11.2,,,1: One
OECD.ELS.SAE:DSD_TUD_CBC@DF_TUD(1.0),CHL: Chile,TUD: Trade union density,PT_SAL: Percentage of employees,2001,10.9,,,1: One
OECD.ELS.SAE:DSD_TUD_CBC@DF_TUD(1.0),CHL: Chile,TUD: Trade union density,PT_SAL: Percentage of employees,2002,11.1,,,1: One
OECD.ELS.SAE:DSD_TUD_CBC@DF_TUD(1.0),CHL: Chile,TUD: Trade union density,PT_SAL: Percentage of employees,2003,11.7,,,1: One
OECD.ELS.SAE:DSD_TUD_CBC@DF_TUD(1.0),CHL: Chile,TUD: Trade union density,PT_SAL: Percentage of employees,2004,11.5,,,1: One
OECD.ELS.SAE:DSD_TUD_CBC@DF_TUD(1.0),CHL: Chile,TUD: Trade union density,PT_SAL: Percentage of employees,2005,11.1,,,1: One
OECD.ELS.SAE:DSD_TUD_CBC@DF_TUD(1.0),CHL: Chile,TUD: Trade union density,PT_SAL: Percentage of employees,2006,11.2,,,1: One
OECD.ELS.SAE:DSD_TUD_CBC@DF_TUD(1.0),CHL: Chile,TUD: Trade union density,PT_SAL: Percentage of employees,2007,11.5,,,1: One
OECD.ELS.SAE:DSD_TUD_CBC@DF_TUD(1.0),CHL: Chile,TUD: Trade union density,PT_SAL: Percentage of employees,2008,12.9,,,1: One
OECD.ELS.SAE:DSD_TUD_CBC@DF_TUD(1.0),CHL: Chile,TUD: Trade union density,PT_SAL: Percentage of employees,2009,13.7,,,1: One
OECD.ELS.SAE:DSD_TUD_CBC@DF_TUD(1.0),CHL: Chile,TUD: Trade union density,PT_SAL: Percentage of employees,2010,13.9,,,1: One
OECD.ELS.SAE:DSD_TUD_CBC@DF_TUD(1.0),CHL: Chile,TUD: Trade union density,PT_SAL: Percentage of employees,2011,13.8,,,1: One
OECD.ELS.SAE:DSD_TUD_CBC@DF_TUD(1.0),CHL: Chile,TUD: Trade union density,PT_SAL: Percentage of employees,2012,14.4,,,1: One
OECD.ELS.SAE:DSD_TUD_CBC@DF_TUD(1.0),CHL: Chile,TUD: Trade union density,PT_SAL: Percentage of employees,2013,14.1,,,1: One
OECD.ELS.SAE:DSD_TUD_CBC@DF_TUD(1.0),CHL: Chile,TUD: Trade union density,PT_SAL: Percentage of employees,2014,14.6,,,1: One
OECD.ELS.SAE:DSD_TUD_CBC@DF_TUD(1.0),CHL: Chile,TUD: Trade union density,PT_SAL: Percentage of employees,2015,15.3,,,1: One
OECD.ELS.SAE:DSD_TUD_CBC@DF_TUD(1.0),CHL: Chile,TUD: Trade union density,PT_SAL: Percentage of employees,2016,16.9,,,1: One
OECD.ELS.SAE:DSD_TUD_CBC@DF_TUD(1.0),CHL: Chile,TUD: Trade union density,PT_SAL: Percentage of employees,2017,17,,,1: One
OECD.ELS.SAE:DSD_TUD_CBC@DF_TUD(1.0),CHL: Chile,TUD: Trade union density,PT_SAL: Percentage of employees,2018,16.6,,,1: One
OECD.ELS.SAE:DSD_TUD_CBC@DF_TUD(1.0),DEU: Germany,TUD: Trade union density,PT_SAL: Percentage of employees,2000,24.6,,,1: One
OECD.ELS.SAE:DSD_TUD_CBC@DF_TUD(1.0),DEU: Germany,TUD: Trade union density,PT_SAL: Percentage of employees,2001,23.700001,,,1: One
OECD.ELS.SAE:DSD_TUD_CBC@DF_TUD(1.0),DEU: Germany,TUD: Trade union density,PT_SAL: Percentage of employees,2002,23.5,,,1: One
OECD.ELS.SAE:DSD_TUD_CBC@DF_TUD(1.0),DEU: Germany,TUD: Trade union density,PT_SAL: Percentage of employees,2003,23,,,1: One
OECD.ELS.SAE:DSD_TUD_CBC@DF_TUD(1.0),DEU: Germany,TUD: Trade union density,PT_SAL: Percentage of employees,2004,22.200001,,,1: One
OECD.ELS.SAE:DSD_TUD_CBC@DF_TUD(1.0),DEU: Germany,TUD: Trade union density,PT_SAL: Percentage of employees,2005,21.5,,,1: One
OECD.ELS.SAE:DSD_TUD_CBC@DF_TUD(1.0),DEU: Germany,TUD: Trade union density,PT_SAL: Percentage of employees,2006,20.6,,,1: One
OECD.ELS.SAE:DSD_TUD_CBC@DF_TUD(1.0),DEU: Germany,TUD: Trade union density,PT_SAL: Percentage of employees,2007,19.799999,,,1: One
OECD.ELS.SAE:DSD_TUD_CBC@DF_TUD(1.0),DEU: Germany,TUD: Trade union density,PT_SAL: Percentage of employees,2008,19,,,1: One
OECD.ELS.SAE:DSD_TUD_CBC@DF_TUD(1.0),DEU: Germany,TUD: Trade union density,PT_SAL: Percentage of employees,2009,18.799999,,,1: One
OECD.ELS.SAE:DSD_TUD_CBC@DF_TUD(1.0),DEU: Germany,TUD: Trade union density,PT_SAL: Percentage of employees,2010,18.9,,,1: One
OECD.ELS.SAE:DSD_TUD_CBC@DF_TUD(1.0),DEU: Germany,TUD: Trade union density,PT_SAL: Percentage of employees,2011,18.4,,,1: One
OECD.ELS.SAE:DSD_TUD_CBC@DF_TUD(1.0),DEU: Germany,TUD: Trade union density,PT_SAL: Percentage of employees,2012,18.299999,,,1: One
OECD.ELS.SAE:DSD_TUD_CBC@DF_TUD(1.0),DEU: Germany,TUD: Trade union density,PT_SAL: Percentage of employees,2013,18,,,1: One
OECD.ELS.SAE:DSD_TUD_CBC@DF_TUD(1.0),DEU: Germany,TUD: Trade union density,PT_SAL: Percentage of employees,2014,17.700001,,,1: One
OECD.ELS.SAE:DSD_TUD_CBC@DF_TUD(1.0),DEU: Germany,TUD: Trade union density,PT_SAL: Percentage of employees,2015,17.6,,,1: One
OECD.ELS.SAE:DSD_TUD_CBC@DF_TUD(1.0),DEU: Germany,TUD: Trade union density,PT_SAL: Percentage of employees,2016,17,,,1: One
OECD.ELS.SAE:DSD_TUD_CBC@DF_TUD(1.0),DEU: Germany,TUD: Trade union density,PT_SAL: Percentage of employees,2017,16.700001,,,1: One
OECD.ELS.SAE:DSD_TUD_CBC@DF_TUD(1.0),DEU: Germany,TUD: Trade union density,PT_SAL: Percentage of employees,2018,16.6,,,1: One
OECD.ELS.SAE:DSD_TUD_CBC@DF_TUD(1.0),DEU: Germany,TUD: Trade union density,PT_SAL: Percentage of employees,2019,16.299999,,,1: One
OECD.ELS.SAE:DSD_TUD_CBC@DF_TUD(1.0),DNK: Denmark,TUD: Trade union density,PT_SAL: Percentage of employees,2000,74.5,,,1: One
OECD.ELS.SAE:DSD_TUD_CBC@DF_TUD(1.0),DNK: Denmark,TUD: Trade union density,PT_SAL: Percentage of employees,2001,73.900002,,,1: One
OECD.ELS.SAE:DSD_TUD_CBC@DF_TUD(1.0),DNK: Denmark,TUD: Trade union density,PT_SAL: Percentage of employees,2002,73.599998,,,1: One
OECD.ELS.SAE:DSD_TUD_CBC@DF_TUD(1.0),DNK: Denmark,TUD: Trade union density,PT_SAL: Percentage of employees,2003,72.400002,,,1: One
OECD.ELS.SAE:DSD_TUD_CBC@DF_TUD(1.0),DNK: Denmark,TUD: Trade union density,PT_SAL: Percentage of employees,2004,71.699997,,,1: One
OECD.ELS.SAE:DSD_TUD_CBC@DF_TUD(1.0),DNK: Denmark,TUD: Trade union density,PT_SAL: Percentage of employees,2005,71.5,,,1: One
OECD.ELS.SAE:DSD_TUD_CBC@DF_TUD(1.0),DNK: Denmark,TUD: Trade union density,PT_SAL: Percentage of employees,2006,69.699997,,,1: One
OECD.ELS.SAE:DSD_TUD_CBC@DF_TUD(1.0),DNK: Denmark,TUD: Trade union density,PT_SAL: Percentage of employees,2007,69,,,1: One
OECD.ELS.SAE:DSD_TUD_CBC@DF_TUD(1.0),DNK: Denmark,TUD: Trade union density,PT_SAL: Percentage of employees,2008,68.800003,,,1: One
OECD.ELS.SAE:DSD_TUD_CBC@DF_TUD(1.0),DNK: Denmark,TUD: Trade union density,PT_SAL: Percentage of employees,2009,68.900002,,,1: One
OECD.ELS.SAE:DSD_TUD_CBC@DF_TUD(1.0),DNK: Denmark,TUD: Trade union density,PT_SAL: Percentage of employees,2010,68.099998,,,1: One
OECD.ELS.SAE:DSD_TUD_CBC@DF_TUD(1.0),DNK: Denmark,TUD: Trade union density,PT_SAL: Percentage of employees,2011,68.699997,,,1: One
OECD.ELS.SAE:DSD_TUD_CBC@DF_TUD(1.0),DNK: Denmark,TUD: Trade union density,PT_SAL: Percentage of employees,2012,69,,,1: One
OECD.ELS.SAE:DSD_TUD_CBC@DF_TUD(1.0),DNK: Denmark,TUD: Trade union density,PT_SAL: Percentage of employees,2013,68.800003,,,1: One
OECD.ELS.SAE:DSD_TUD_CBC@DF_TUD(1.0),DNK: Denmark,TUD: Trade union density,PT_SAL: Percentage of employees,2014,68.5,,,1: One
OECD.ELS.SAE:DSD_TUD_CBC@DF_TUD(1.0),DNK: Denmark,TUD: Trade union density,PT_SAL: Percentage of employees,2015,68.199997,,,1: One
OECD.ELS.SAE:DSD_TUD_CBC@DF_TUD(1.0),DNK: Denmark,TUD: Trade union density,PT_SAL: Percentage of employees,2016,67.400002,,,1: One
OECD.ELS.SAE:DSD_TUD_CBC@DF_TUD(1.0),DNK: Denmark,TUD: Trade union density,PT_SAL: Percentage of employees,2017,66.699997,,,1: One
OECD.ELS.SAE:DSD_TUD_CBC@DF_TUD(1.0),DNK: Denmark,TUD: Trade union density,PT_SAL: Percentage of employees,2018,67.5,,,1: One
OECD.ELS.SAE:DSD_TUD_CBC@DF_TUD(1.0),DNK: Denmark,TUD: Trade union density,PT_SAL: Percentage of employees,2019,67,,,1: One
OECD.ELS.SAE:DSD_TUD_CBC@DF_TUD(1.0),LUX: Luxembourg,TUD: Trade union density,PT_SAL: Percentage of employees,2003,44,,,1: One
OECD.ELS.SAE:DSD_TUD_CBC@DF_TUD(1.0),LUX: Luxembourg,TUD: Trade union density,PT_SAL: Percentage of employees,2004,43.400002,,,1: One
OECD.ELS.SAE:DSD_TUD_CBC@DF_TUD(1.0),LUX: Luxembourg,TUD: Trade union density,PT_SAL: Percentage of employees,2005,42.599998,,,1: One
OECD.ELS.SAE:DSD_TUD_CBC@DF_TUD(1.0),LUX: Luxembourg,TUD: Trade union density,PT_SAL: Percentage of employees,2006,41.400002,,,1: One
OECD.ELS.SAE:DSD_TUD_CBC@DF_TUD(1.0),LUX: Luxembourg,TUD: Trade union density,PT_SAL: Percentage of employees,2007,39.5,,,1: One
OECD.ELS.SAE:DSD_TUD_CBC@DF_TUD(1.0),LUX: Luxembourg,TUD: Trade union density,PT_SAL: Percentage of employees,2008,37.599998,,,1: One
OECD.ELS.SAE:DSD_TUD_CBC@DF_TUD(1.0),LUX: Luxembourg,TUD: Trade union density,PT_SAL: Percentage of employees,2009,36.799999,,,1: One
OECD.ELS.SAE:DSD_TUD_CBC@DF_TUD(1.0),LUX: Luxembourg,TUD: Trade union density,PT_SAL: Percentage of employees,2010,36.099998,,,1: One
OECD.ELS.SAE:DSD_TUD_CBC@DF_TUD(1.0),LUX: Luxembourg,TUD: Trade union density,PT_SAL: Percentage of employees,2011,36.599998,,,1: One
OECD.ELS.SAE:DSD_TUD_CBC@DF_TUD(1.0),LUX: Luxembourg,TUD: Trade union density,PT_SAL: Percentage of employees,2012,35.299999,,,1: One
OECD.ELS.SAE:DSD_TUD_CBC@DF_TUD(1.0),LUX: Luxembourg,TUD: Trade union density,PT_SAL: Percentage of employees,2013,34.799999,,,1: One
OECD.ELS.SAE:DSD_TUD_CBC@DF_TUD(1.0),LUX: Luxembourg,TUD: Trade union density,PT_SAL: Percentage of employees,2014,34.099998,,,1: One
OECD.ELS.SAE:DSD_TUD_CBC@DF_TUD(1.0),LUX: Luxembourg,TUD: Trade union density,PT_SAL: Percentage of employees,2015,33.299999,,,1: One
OECD.ELS.SAE:DSD_TUD_CBC@DF_TUD(1.0),LUX: Luxembourg,TUD: Trade union density,PT_SAL: Percentage of employees,2016,32.299999,,,1: One
OECD.ELS.SAE:DSD_TUD_CBC@DF_TUD(1.0),LUX: Luxembourg,TUD: Trade union density,PT_SAL: Percentage of employees,2017,32.099998,,,1: One
OECD.ELS.SAE:DSD_TUD_CBC@DF_TUD(1.0),LUX: Luxembourg,TUD: Trade union density,PT_SAL: Percentage of employees,2018,30.4,,,1: One
OECD.ELS.SAE:DSD_TUD_CBC@DF_TUD(1.0),LUX: Luxembourg,TUD: Trade union density,PT_SAL: Percentage of employees,2019,28.200001,,,1: One
OECD.ELS.SAE:DSD_TUD_CBC@DF_TUD(1.0),CAN: Canada,TUD: Trade union density,PT_SAL: Percentage of employees,2000,28.200001,,,1: One
OECD.ELS.SAE:DSD_TUD_CBC@DF_TUD(1.0),CAN: Canada,TUD: Trade union density,PT_SAL: Percentage of employees,2001,28.4,,,1: One
OECD.ELS.SAE:DSD_TUD_CBC@DF_TUD(1.0),CAN: Canada,TUD: Trade union density,PT_SAL: Percentage of employees,2002,28.299999,,,1: One
OECD.ELS.SAE:DSD_TUD_CBC@DF_TUD(1.0),CAN: Canada,TUD: Trade union density,PT_SAL: Percentage of employees,2003,28.200001,,,1: One
OECD.ELS.SAE:DSD_TUD_CBC@DF_TUD(1.0),CAN: Canada,TUD: Trade union density,PT_SAL: Percentage of employees,2004,27.799999,,,1: One
OECD.ELS.SAE:DSD_TUD_CBC@DF_TUD(1.0),CAN: Canada,TUD: Trade union density,PT_SAL: Percentage of employees,2005,27.700001,,,1: One
OECD.ELS.SAE:DSD_TUD_CBC@DF_TUD(1.0),CAN: Canada,TUD: Trade union density,PT_SAL: Percentage of employees,2006,27.4,,,1: One
OECD.ELS.SAE:DSD_TUD_CBC@DF_TUD(1.0),CAN: Canada,TUD: Trade union density,PT_SAL: Percentage of employees,2007,27.299999,,,1: One
OECD.ELS.SAE:DSD_TUD_CBC@DF_TUD(1.0),CAN: Canada,TUD: Trade union density,PT_SAL: Percentage of employees,2008,27,,,1: One
OECD.ELS.SAE:DSD_TUD_CBC@DF_TUD(1.0),CAN: Canada,TUD: Trade union density,PT_SAL: Percentage of employees,2009,27.299999,,,1: One
OECD.ELS.SAE:DSD_TUD_CBC@DF_TUD(1.0),CAN: Canada,TUD: Trade union density,PT_SAL: Percentage of employees,2010,27.200001,,,1: One
OECD.ELS.SAE:DSD_TUD_CBC@DF_TUD(1.0),CAN: Canada,TUD: Trade union density,PT_SAL: Percentage of employees,2011,26.9,,,1: One
OECD.ELS.SAE:DSD_TUD_CBC@DF_TUD(1.0),CAN: Canada,TUD: Trade union density,PT_SAL: Percentage of employees,2012,27.200001,,,1: One
OECD.ELS.SAE:DSD_TUD_CBC@DF_TUD(1.0),CAN: Canada,TUD: Trade union density,PT_SAL: Percentage of employees,2013,27.1,,,1: One
OECD.ELS.SAE:DSD_TUD_CBC@DF_TUD(1.0),CAN: Canada,TUD: Trade union density,PT_SAL: Percentage of employees,2014,26.4,,,1: One
OECD.ELS.SAE:DSD_TUD_CBC@DF_TUD(1.0),CAN: Canada,TUD: Trade union density,PT_SAL: Percentage of employees,2015,26.5,,,1: One
OECD.ELS.SAE:DSD_TUD_CBC@DF_TUD(1.0),CAN: Canada,TUD: Trade union density,PT_SAL: Percentage of employees,2016,26.299999,,,1: One
OECD.ELS.SAE:DSD_TUD_CBC@DF_TUD(1.0),CAN: Canada,TUD: Trade union density,PT_SAL: Percentage of employees,2017,26.299999,,,1: One
OECD.ELS.SAE:DSD_TUD_CBC@DF_TUD(1.0),CAN: Canada,TUD: Trade union density,PT_SAL: Percentage of employees,2018,25.9,,,1: One
OECD.ELS.SAE:DSD_TUD_CBC@DF_TUD(1.0),CAN: Canada,TUD: Trade union density,PT_SAL: Percentage of employees,2019,26.1,,,1: One
OECD.ELS.SAE:DSD_TUD_CBC@DF_TUD(1.0),CAN: Canada,TUD: Trade union density,PT_SAL: Percentage of employees,2020,27.200001,,,1: One
OECD.ELS.SAE:DSD_TUD_CBC@DF_TUD(1.0),USA: United States,TUD: Trade union density,PT_SAL: Percentage of employees,2000,12.9,,,1: One
OECD.ELS.SAE:DSD_TUD_CBC@DF_TUD(1.0),USA: United States,TUD: Trade union density,PT_SAL: Percentage of employees,2001,12.9,,,1: One
OECD.ELS.SAE:DSD_TUD_CBC@DF_TUD(1.0),USA: United States,TUD: Trade union density,PT_SAL: Percentage of employees,2002,12.8,,,1: One
OECD.ELS.SAE:DSD_TUD_CBC@DF_TUD(1.0),USA: United States,TUD: Trade union density,PT_SAL: Percentage of employees,2003,12.4,,,1: One
OECD.ELS.SAE:DSD_TUD_CBC@DF_TUD(1.0),USA: United States,TUD: Trade union density,PT_SAL: Percentage of employees,2004,12,,,1: One
OECD.ELS.SAE:DSD_TUD_CBC@DF_TUD(1.0),USA: United States,TUD: Trade union density,PT_SAL: Percentage of employees,2005,12,,,1: One
OECD.ELS.SAE:DSD_TUD_CBC@DF_TUD(1.0),USA: United States,TUD: Trade union density,PT_SAL: Percentage of employees,2006,11.5,,,1: One
OECD.ELS.SAE:DSD_TUD_CBC@DF_TUD(1.0),USA: United States,TUD: Trade union density,PT_SAL: Percentage of employees,2007,11.6,,,1: One
OECD.ELS.SAE:DSD_TUD_CBC@DF_TUD(1.0),USA: United States,TUD: Trade union density,PT_SAL: Percentage of employees,2008,11.9,,,1: One
OECD.ELS.SAE:DSD_TUD_CBC@DF_TUD(1.0),USA: United States,TUD: Trade union density,PT_SAL: Percentage of employees,2009,11.8,,,1: One
OECD.ELS.SAE:DSD_TUD_CBC@DF_TUD(1.0),USA: United States,TUD: Trade union density,PT_SAL: Percentage of employees,2010,11.4,,,1: One
OECD.ELS.SAE:DSD_TUD_CBC@DF_TUD(1.0),USA: United States,TUD: Trade union density,PT_SAL: Percentage of employees,2011,11.3,,,1: One
OECD.ELS.SAE:DSD_TUD_CBC@DF_TUD(1.0),USA: United States,TUD: Trade union density,PT_SAL: Percentage of employees,2012,10.8,,,1: One
OECD.ELS.SAE:DSD_TUD_CBC@DF_TUD(1.0),USA: United States,TUD: Trade union density,PT_SAL: Percentage of employees,2013,10.8,,,1: One
OECD.ELS.SAE:DSD_TUD_CBC@DF_TUD(1.0),USA: United States,TUD: Trade union density,PT_SAL: Percentage of employees,2014,10.7,,,1: One
OECD.ELS.SAE:DSD_TUD_CBC@DF_TUD(1.0),USA: United States,TUD: Trade union density,PT_SAL: Percentage of employees,2015,10.6,,,1: One
OECD.ELS.SAE:DSD_TUD_CBC@DF_TUD(1.0),USA: United States,TUD: Trade union density,PT_SAL: Percentage of employees,2016,10.3,,,1: One
OECD.ELS.SAE:DSD_TUD_CBC@DF_TUD(1.0),USA: United States,TUD: Trade union density,PT_SAL: Percentage of employees,2017,10.3,,,1: One
OECD.ELS.SAE:DSD_TUD_CBC@DF_TUD(1.0),USA: United States,TUD: Trade union density,PT_SAL: Percentage of employees,2018,10.1,,,1: One
OECD.ELS.SAE:DSD_TUD_CBC@DF_TUD(1.0),USA: United States,TUD: Trade union density,PT_SAL: Percentage of employees,2019,9.8999996,,,1: One
OECD.ELS.SAE:DSD_TUD_CBC@DF_TUD(1.0),USA: United States,TUD: Trade union density,PT_SAL: Percentage of employees,2020,10.3,,,1: One
OECD.ELS.SAE:DSD_TUD_CBC@DF_TUD(1.0),SVN: Slovenia,TUD: Trade union density,PT_SAL: Percentage of employees,2000,44.200001,,,1: One
OECD.ELS.SAE:DSD_TUD_CBC@DF_TUD(1.0),SVN: Slovenia,TUD: Trade union density,PT_SAL: Percentage of employees,2001,43.299999,,,1: One
OECD.ELS.SAE:DSD_TUD_CBC@DF_TUD(1.0),SVN: Slovenia,TUD: Trade union density,PT_SAL: Percentage of employees,2002,47.099998,,,1: One
OECD.ELS.SAE:DSD_TUD_CBC@DF_TUD(1.0),SVN: Slovenia,TUD: Trade union density,PT_SAL: Percentage of employees,2003,45.299999,,,1: One
OECD.ELS.SAE:DSD_TUD_CBC@DF_TUD(1.0),SVN: Slovenia,TUD: Trade union density,PT_SAL: Percentage of employees,2004,37.099998,,,1: One
OECD.ELS.SAE:DSD_TUD_CBC@DF_TUD(1.0),SVN: Slovenia,TUD: Trade union density,PT_SAL: Percentage of employees,2005,37.5,,,1: One
OECD.ELS.SAE:DSD_TUD_CBC@DF_TUD(1.0),SVN: Slovenia,TUD: Trade union density,PT_SAL: Percentage of employees,2006,32.200001,,,1: One
OECD.ELS.SAE:DSD_TUD_CBC@DF_TUD(1.0),SVN: Slovenia,TUD: Trade union density,PT_SAL: Percentage of employees,2007,30.6,,,1: One
OECD.ELS.SAE:DSD_TUD_CBC@DF_TUD(1.0),SVN: Slovenia,TUD: Trade union density,PT_SAL: Percentage of employees,2008,29.700001,,,1: One
OECD.ELS.SAE:DSD_TUD_CBC@DF_TUD(1.0),SVN: Slovenia,TUD: Trade union density,PT_SAL: Percentage of employees,2009,40.400002,,,1: One
OECD.ELS.SAE:DSD_TUD_CBC@DF_TUD(1.0),SVN: Slovenia,TUD: Trade union density,PT_SAL: Percentage of employees,2010,32.599998,,,1: One
OECD.ELS.SAE:DSD_TUD_CBC@DF_TUD(1.0),SVN: Slovenia,TUD: Trade union density,PT_SAL: Percentage of employees,2011,36.700001,,,1: One
OECD.ELS.SAE:DSD_TUD_CBC@DF_TUD(1.0),SVN: Slovenia,TUD: Trade union density,PT_SAL: Percentage of employees,2012,26.799999,,,1: One
OECD.ELS.SAE:DSD_TUD_CBC@DF_TUD(1.0),SVN: Slovenia,TUD: Trade union density,PT_SAL: Percentage of employees,2013,26.200001,,,1: One
OECD.ELS.SAE:DSD_TUD_CBC@DF_TUD(1.0),SVN: Slovenia,TUD: Trade union density,PT_SAL: Percentage of employees,2014,29.4,,,1: One
OECD.ELS.SAE:DSD_TUD_CBC@DF_TUD(1.0),SVN: Slovenia,TUD: Trade union density,PT_SAL: Percentage of employees,2015,23.799999,,,1: One
OECD.ELS.SAE:DSD_TUD_CBC@DF_TUD(1.0),ESP: Spain,TUD: Trade union density,PT_SAL: Percentage of employees,2000,17.5,,,1: One
OECD.ELS.SAE:DSD_TUD_CBC@DF_TUD(1.0),ESP: Spain,TUD: Trade union density,PT_SAL: Percentage of employees,2001,17.200001,,,1: One
OECD.ELS.SAE:DSD_TUD_CBC@DF_TUD(1.0),ESP: Spain,TUD: Trade union density,PT_SAL: Percentage of employees,2002,16.799999,,,1: One
OECD.ELS.SAE:DSD_TUD_CBC@DF_TUD(1.0),ESP: Spain,TUD: Trade union density,PT_SAL: Percentage of employees,2003,16.5,,,1: One
OECD.ELS.SAE:DSD_TUD_CBC@DF_TUD(1.0),ESP: Spain,TUD: Trade union density,PT_SAL: Percentage of employees,2004,16,,,1: One
OECD.ELS.SAE:DSD_TUD_CBC@DF_TUD(1.0),ESP: Spain,TUD: Trade union density,PT_SAL: Percentage of employees,2005,15.5,,,1: One
OECD.ELS.SAE:DSD_TUD_CBC@DF_TUD(1.0),ESP: Spain,TUD: Trade union density,PT_SAL: Percentage of employees,2006,15.6,,,1: One
OECD.ELS.SAE:DSD_TUD_CBC@DF_TUD(1.0),ESP: Spain,TUD: Trade union density,PT_SAL: Percentage of employees,2007,16.4,,,1: One
OECD.ELS.SAE:DSD_TUD_CBC@DF_TUD(1.0),ESP: Spain,TUD: Trade union density,PT_SAL: Percentage of employees,2008,17.4,,,1: One
OECD.ELS.SAE:DSD_TUD_CBC@DF_TUD(1.0),ESP: Spain,TUD: Trade union density,PT_SAL: Percentage of employees,2009,18.299999,,,1: One
OECD.ELS.SAE:DSD_TUD_CBC@DF_TUD(1.0),ESP: Spain,TUD: Trade union density,PT_SAL: Percentage of employees,2010,18.200001,,,1: One
OECD.ELS.SAE:DSD_TUD_CBC@DF_TUD(1.0),ESP: Spain,TUD: Trade union density,PT_SAL: Percentage of employees,2011,17.9,,,1: One
OECD.ELS.SAE:DSD_TUD_CBC@DF_TUD(1.0),ESP: Spain,TUD: Trade union density,PT_SAL: Percentage of employees,2012,17.799999,,,1: One
OECD.ELS.SAE:DSD_TUD_CBC@DF_TUD(1.0),ESP: Spain,TUD: Trade union density,PT_SAL: Percentage of employees,2013,17,,,1: One
OECD.ELS.SAE:DSD_TUD_CBC@DF_TUD(1.0),ESP: Spain,TUD: Trade union density,PT_SAL: Percentage of employees,2014,15.8,,,1: One
OECD.ELS.SAE:DSD_TUD_CBC@DF_TUD(1.0),ESP: Spain,TUD: Trade union density,PT_SAL: Percentage of employees,2015,14.4,,,1: One
OECD.ELS.SAE:DSD_TUD_CBC@DF_TUD(1.0),ESP: Spain,TUD: Trade union density,PT_SAL: Percentage of employees,2016,13.9,,,1: One
OECD.ELS.SAE:DSD_TUD_CBC@DF_TUD(1.0),ESP: Spain,TUD: Trade union density,PT_SAL: Percentage of employees,2017,13.4,,,1: One
OECD.ELS.SAE:DSD_TUD_CBC@DF_TUD(1.0),ESP: Spain,TUD: Trade union density,PT_SAL: Percentage of employees,2018,13,,,1: One
OECD.ELS.SAE:DSD_TUD_CBC@DF_TUD(1.0),ESP: Spain,TUD: Trade union density,PT_SAL: Percentage of employees,2019,12.5,,,1: One
OECD.ELS.SAE:DSD_TUD_CBC@DF_TUD(1.0),KOR: Korea,TUD: Trade union density,PT_SAL: Percentage of employees,2000,11.4,,,1: One
OECD.ELS.SAE:DSD_TUD_CBC@DF_TUD(1.0),KOR: Korea,TUD: Trade union density,PT_SAL: Percentage of employees,2001,11.5,,,1: One
OECD.ELS.SAE:DSD_TUD_CBC@DF_TUD(1.0),KOR: Korea,TUD: Trade union density,PT_SAL: Percentage of employees,2002,11.3,,,1: One
OECD.ELS.SAE:DSD_TUD_CBC@DF_TUD(1.0),KOR: Korea,TUD: Trade union density,PT_SAL: Percentage of employees,2003,10.7,,,1: One
OECD.ELS.SAE:DSD_TUD_CBC@DF_TUD(1.0),KOR: Korea,TUD: Trade union density,PT_SAL: Percentage of employees,2004,10.3,,,1: One
OECD.ELS.SAE:DSD_TUD_CBC@DF_TUD(1.0),KOR: Korea,TUD: Trade union density,PT_SAL: Percentage of employees,2005,9.8999996,,,1: One
OECD.ELS.SAE:DSD_TUD_CBC@DF_TUD(1.0),KOR: Korea,TUD: Trade union density,PT_SAL: Percentage of employees,2006,10,,,1: One
OECD.ELS.SAE:DSD_TUD_CBC@DF_TUD(1.0),KOR: Korea,TUD: Trade union density,PT_SAL: Percentage of employees,2007,10.5,,,1: One
OECD.ELS.SAE:DSD_TUD_CBC@DF_TUD(1.0),KOR: Korea,TUD: Trade union density,PT_SAL: Percentage of employees,2008,10.2,,,1: One
OECD.ELS.SAE:DSD_TUD_CBC@DF_TUD(1.0),KOR: Korea,TUD: Trade union density,PT_SAL: Percentage of employees,2009,9.8999996,,,1: One
OECD.ELS.SAE:DSD_TUD_CBC@DF_TUD(1.0),KOR: Korea,TUD: Trade union density,PT_SAL: Percentage of employees,2010,9.6000004,,,1: One
OECD.ELS.SAE:DSD_TUD_CBC@DF_TUD(1.0),KOR: Korea,TUD: Trade union density,PT_SAL: Percentage of employees,2011,9.8000002,,,1: One
OECD.ELS.SAE:DSD_TUD_CBC@DF_TUD(1.0),KOR: Korea,TUD: Trade union density,PT_SAL: Percentage of employees,2012,9.8999996,,,1: One
OECD.ELS.SAE:DSD_TUD_CBC@DF_TUD(1.0),KOR: Korea,TUD: Trade union density,PT_SAL: Percentage of employees,2013,10.1,,,1: One
OECD.ELS.SAE:DSD_TUD_CBC@DF_TUD(1.0),KOR: Korea,TUD: Trade union density,PT_SAL: Percentage of employees,2014,10.1,,,1: One
OECD.ELS.SAE:DSD_TUD_CBC@DF_TUD(1.0),KOR: Korea,TUD: Trade union density,PT_SAL: Percentage of employees,2015,10,,,1: One
OECD.ELS.SAE:DSD_TUD_CBC@DF_TUD(1.0),KOR: Korea,TUD: Trade union density,PT_SAL: Percentage of employees,2016,10,,,1: One
OECD.ELS.SAE:DSD_TUD_CBC@DF_TUD(1.0),KOR: Korea,TUD: Trade union density,PT_SAL: Percentage of employees,2017,10.5,,,1: One
OECD.ELS.SAE:DSD_TUD_CBC@DF_TUD(1.0),KOR: Korea,TUD: Trade union density,PT_SAL: Percentage of employees,2018,11.6,,,1: One
OECD.ELS.SAE:DSD_TUD_CBC@DF_TUD(1.0),CHE: Switzerland,TUD: Trade union density,PT_SAL: Percentage of employees,2000,20.700001,,,1: One
OECD.ELS.SAE:DSD_TUD_CBC@DF_TUD(1.0),CHE: Switzerland,TUD: Trade union density,PT_SAL: Percentage of employees,2001,20.200001,,,1: One
OECD.ELS.SAE:DSD_TUD_CBC@DF_TUD(1.0),CHE: Switzerland,TUD: Trade union density,PT_SAL: Percentage of employees,2002,20.299999,,,1: One
OECD.ELS.SAE:DSD_TUD_CBC@DF_TUD(1.0),CHE: Switzerland,TUD: Trade union density,PT_SAL: Percentage of employees,2003,20.4,,,1: One
OECD.ELS.SAE:DSD_TUD_CBC@DF_TUD(1.0),CHE: Switzerland,TUD: Trade union density,PT_SAL: Percentage of employees,2004,19.9,,,1: One
OECD.ELS.SAE:DSD_TUD_CBC@DF_TUD(1.0),CHE: Switzerland,TUD: Trade union density,PT_SAL: Percentage of employees,2005,19.799999,,,1: One
OECD.ELS.SAE:DSD_TUD_CBC@DF_TUD(1.0),CHE: Switzerland,TUD: Trade union density,PT_SAL: Percentage of employees,2006,19.299999,,,1: One
OECD.ELS.SAE:DSD_TUD_CBC@DF_TUD(1.0),CHE: Switzerland,TUD: Trade union density,PT_SAL: Percentage of employees,2007,18.9,,,1: One
OECD.ELS.SAE:DSD_TUD_CBC@DF_TUD(1.0),CHE: Switzerland,TUD: Trade union density,PT_SAL: Percentage of employees,2008,17.9,,,1: One
OECD.ELS.SAE:DSD_TUD_CBC@DF_TUD(1.0),CHE: Switzerland,TUD: Trade union density,PT_SAL: Percentage of employees,2009,17.700001,,,1: One
OECD.ELS.SAE:DSD_TUD_CBC@DF_TUD(1.0),CHE: Switzerland,TUD: Trade union density,PT_SAL: Percentage of employees,2010,17.6,,,1: One
OECD.ELS.SAE:DSD_TUD_CBC@DF_TUD(1.0),CHE: Switzerland,TUD: Trade union density,PT_SAL: Percentage of employees,2011,17,,,1: One
OECD.ELS.SAE:DSD_TUD_CBC@DF_TUD(1.0),CHE: Switzerland,TUD: Trade union density,PT_SAL: Percentage of employees,2012,16.5,,,1: One
OECD.ELS.SAE:DSD_TUD_CBC@DF_TUD(1.0),CHE: Switzerland,TUD: Trade union density,PT_SAL: Percentage of employees,2013,16.6,,,1: One
OECD.ELS.SAE:DSD_TUD_CBC@DF_TUD(1.0),CHE: Switzerland,TUD: Trade union density,PT_SAL: Percentage of employees,2014,16.1,,,1: One
OECD.ELS.SAE:DSD_TUD_CBC@DF_TUD(1.0),CHE: Switzerland,TUD: Trade union density,PT_SAL: Percentage of employees,2015,15.7,,,1: One
OECD.ELS.SAE:DSD_TUD_CBC@DF_TUD(1.0),CHE: Switzerland,TUD: Trade union density,PT_SAL: Percentage of employees,2016,15.3,,,1: One
OECD.ELS.SAE:DSD_TUD_CBC@DF_TUD(1.0),CHE: Switzerland,TUD: Trade union density,PT_SAL: Percentage of employees,2017,14.9,,,1: One
OECD.ELS.SAE:DSD_TUD_CBC@DF_TUD(1.0),CHE: Switzerland,TUD: Trade union density,PT_SAL: Percentage of employees,2018,14.4,,,1: One
OECD.ELS.SAE:DSD_TUD_CBC@DF_TUD(1.0),NLD: Netherlands,TUD: Trade union density,PT_SAL: Percentage of employees,2000,22.299999,,,1: One
OECD.ELS.SAE:DSD_TUD_CBC@DF_TUD(1.0),NLD: Netherlands,TUD: Trade union density,PT_SAL: Percentage of employees,2001,21.6,,,1: One
OECD.ELS.SAE:DSD_TUD_CBC@DF_TUD(1.0),NLD: Netherlands,TUD: Trade union density,PT_SAL: Percentage of employees,2002,21.4,,,1: One
OECD.ELS.SAE:DSD_TUD_CBC@DF_TUD(1.0),NLD: Netherlands,TUD: Trade union density,PT_SAL: Percentage of employees,2003,20.9,,,1: One
OECD.ELS.SAE:DSD_TUD_CBC@DF_TUD(1.0),NLD: Netherlands,TUD: Trade union density,PT_SAL: Percentage of employees,2004,21.299999,,,1: One
OECD.ELS.SAE:DSD_TUD_CBC@DF_TUD(1.0),NLD: Netherlands,TUD: Trade union density,PT_SAL: Percentage of employees,2005,22.1,,,1: One
OECD.ELS.SAE:DSD_TUD_CBC@DF_TUD(1.0),NLD: Netherlands,TUD: Trade union density,PT_SAL: Percentage of employees,2006,21.4,,,1: One
OECD.ELS.SAE:DSD_TUD_CBC@DF_TUD(1.0),NLD: Netherlands,TUD: Trade union density,PT_SAL: Percentage of employees,2007,20.200001,,,1: One
OECD.ELS.SAE:DSD_TUD_CBC@DF_TUD(1.0),NLD: Netherlands,TUD: Trade union density,PT_SAL: Percentage of employees,2008,20,,,1: One
OECD.ELS.SAE:DSD_TUD_CBC@DF_TUD(1.0),NLD: Netherlands,TUD: Trade union density,PT_SAL: Percentage of employees,2009,20,,,1: One
OECD.ELS.SAE:DSD_TUD_CBC@DF_TUD(1.0),NLD: Netherlands,TUD: Trade union density,PT_SAL: Percentage of employees,2010,19.5,,,1: One
OECD.ELS.SAE:DSD_TUD_CBC@DF_TUD(1.0),NLD: Netherlands,TUD: Trade union density,PT_SAL: Percentage of employees,2011,19.299999,,,1: One
OECD.ELS.SAE:DSD_TUD_CBC@DF_TUD(1.0),NLD: Netherlands,TUD: Trade union density,PT_SAL: Percentage of employees,2012,18.799999,,,1: One
OECD.ELS.SAE:DSD_TUD_CBC@DF_TUD(1.0),NLD: Netherlands,TUD: Trade union density,PT_SAL: Percentage of employees,2013,18.200001,,,1: One
OECD.ELS.SAE:DSD_TUD_CBC@DF_TUD(1.0),NLD: Netherlands,TUD: Trade union density,PT_SAL: Percentage of employees,2014,18.1,,,1: One
OECD.ELS.SAE:DSD_TUD_CBC@DF_TUD(1.0),NLD: Netherlands,TUD: Trade union density,PT_SAL: Percentage of employees,2015,17.700001,,,1: One
OECD.ELS.SAE:DSD_TUD_CBC@DF_TUD(1.0),NLD: Netherlands,TUD: Trade union density,PT_SAL: Percentage of employees,2016,17.299999,,,1: One
OECD.ELS.SAE:DSD_TUD_CBC@DF_TUD(1.0),NLD: Netherlands,TUD: Trade union density,PT_SAL: Percentage of employees,2017,16.799999,,,1: One
OECD.ELS.SAE:DSD_TUD_CBC@DF_TUD(1.0),NLD: Netherlands,TUD: Trade union density,PT_SAL: Percentage of employees,2018,16.5,,,1: One
OECD.ELS.SAE:DSD_TUD_CBC@DF_TUD(1.0),NLD: Netherlands,TUD: Trade union density,PT_SAL: Percentage of employees,2019,15.4,,,1: One
OECD.ELS.SAE:DSD_TUD_CBC@DF_TUD(1.0),TUR: Trkiye,TUD: Trade union density,PT_SAL: Percentage of employees,2000,12.5,,,1: One
OECD.ELS.SAE:DSD_TUD_CBC@DF_TUD(1.0),TUR: Trkiye,TUD: Trade union density,PT_SAL: Percentage of employees,2001,12.5,,,1: One
OECD.ELS.SAE:DSD_TUD_CBC@DF_TUD(1.0),TUR: Trkiye,TUD: Trade union density,PT_SAL: Percentage of employees,2002,11.9,,,1: One
OECD.ELS.SAE:DSD_TUD_CBC@DF_TUD(1.0),TUR: Trkiye,TUD: Trade union density,PT_SAL: Percentage of employees,2003,11.2,,,1: One
OECD.ELS.SAE:DSD_TUD_CBC@DF_TUD(1.0),TUR: Trkiye,TUD: Trade union density,PT_SAL: Percentage of employees,2004,10.5,,,1: One
OECD.ELS.SAE:DSD_TUD_CBC@DF_TUD(1.0),TUR: Trkiye,TUD: Trade union density,PT_SAL: Percentage of employees,2005,10.3,,,1: One
OECD.ELS.SAE:DSD_TUD_CBC@DF_TUD(1.0),TUR: Trkiye,TUD: Trade union density,PT_SAL: Percentage of employees,2006,9.3999996,,,1: One
OECD.ELS.SAE:DSD_TUD_CBC@DF_TUD(1.0),TUR: Trkiye,TUD: Trade union density,PT_SAL: Percentage of employees,2007,8.3000002,,,1: One
OECD.ELS.SAE:DSD_TUD_CBC@DF_TUD(1.0),TUR: Trkiye,TUD: Trade union density,PT_SAL: Percentage of employees,2008,7.3000002,,,1: One
OECD.ELS.SAE:DSD_TUD_CBC@DF_TUD(1.0),TUR: Trkiye,TUD: Trade union density,PT_SAL: Percentage of employees,2009,7.3000002,,,1: One
OECD.ELS.SAE:DSD_TUD_CBC@DF_TUD(1.0),TUR: Trkiye,TUD: Trade union density,PT_SAL: Percentage of employees,2010,7.3000002,,,1: One
OECD.ELS.SAE:DSD_TUD_CBC@DF_TUD(1.0),TUR: Trkiye,TUD: Trade union density,PT_SAL: Percentage of employees,2011,7.0999999,,,1: One
OECD.ELS.SAE:DSD_TUD_CBC@DF_TUD(1.0),TUR: Trkiye,TUD: Trade union density,PT_SAL: Percentage of employees,2012,6.3000002,,,1: One
OECD.ELS.SAE:DSD_TUD_CBC@DF_TUD(1.0),TUR: Trkiye,TUD: Trade union density,PT_SAL: Percentage of employees,2013,6.3000002,,,1: One
OECD.ELS.SAE:DSD_TUD_CBC@DF_TUD(1.0),TUR: Trkiye,TUD: Trade union density,PT_SAL: Percentage of employees,2014,6.9000001,,,1: One
OECD.ELS.SAE:DSD_TUD_CBC@DF_TUD(1.0),TUR: Trkiye,TUD: Trade union density,PT_SAL: Percentage of employees,2015,8,,,1: One
OECD.ELS.SAE:DSD_TUD_CBC@DF_TUD(1.0),TUR: Trkiye,TUD: Trade union density,PT_SAL: Percentage of employees,2016,8.1999998,,,1: One
OECD.ELS.SAE:DSD_TUD_CBC@DF_TUD(1.0),TUR: Trkiye,TUD: Trade union density,PT_SAL: Percentage of employees,2017,8.6000004,,,1: One
OECD.ELS.SAE:DSD_TUD_CBC@DF_TUD(1.0),TUR: Trkiye,TUD: Trade union density,PT_SAL: Percentage of employees,2018,9.1999998,,,1: One
OECD.ELS.SAE:DSD_TUD_CBC@DF_TUD(1.0),TUR: Trkiye,TUD: Trade union density,PT_SAL: Percentage of employees,2019,9.8999996,,,1: One
OECD.ELS.SAE:DSD_TUD_CBC@DF_TUD(1.0),NZL: New Zealand,TUD: Trade union density,PT_SAL: Percentage of employees,2000,22.4,,,1: One
OECD.ELS.SAE:DSD_TUD_CBC@DF_TUD(1.0),NZL: New Zealand,TUD: Trade union density,PT_SAL: Percentage of employees,2001,22.299999,,,1: One
OECD.ELS.SAE:DSD_TUD_CBC@DF_TUD(1.0),NZL: New Zealand,TUD: Trade union density,PT_SAL: Percentage of employees,2002,21.799999,,,1: One
OECD.ELS.SAE:DSD_TUD_CBC@DF_TUD(1.0),NZL: New Zealand,TUD: Trade union density,PT_SAL: Percentage of employees,2003,21.700001,,,1: One
OECD.ELS.SAE:DSD_TUD_CBC@DF_TUD(1.0),NZL: New Zealand,TUD: Trade union density,PT_SAL: Percentage of employees,2004,21.700001,,,1: One
OECD.ELS.SAE:DSD_TUD_CBC@DF_TUD(1.0),NZL: New Zealand,TUD: Trade union density,PT_SAL: Percentage of employees,2005,22.299999,,,1: One
OECD.ELS.SAE:DSD_TUD_CBC@DF_TUD(1.0),NZL: New Zealand,TUD: Trade union density,PT_SAL: Percentage of employees,2006,21.799999,,,1: One
OECD.ELS.SAE:DSD_TUD_CBC@DF_TUD(1.0),NZL: New Zealand,TUD: Trade union density,PT_SAL: Percentage of employees,2007,20.799999,,,1: One
OECD.ELS.SAE:DSD_TUD_CBC@DF_TUD(1.0),NZL: New Zealand,TUD: Trade union density,PT_SAL: Percentage of employees,2008,21.4,,,1: One
OECD.ELS.SAE:DSD_TUD_CBC@DF_TUD(1.0),NZL: New Zealand,TUD: Trade union density,PT_SAL: Percentage of employees,2009,21.5,,,1: One
OECD.ELS.SAE:DSD_TUD_CBC@DF_TUD(1.0),NZL: New Zealand,TUD: Trade union density,PT_SAL: Percentage of employees,2010,21.4,,,1: One
OECD.ELS.SAE:DSD_TUD_CBC@DF_TUD(1.0),NZL: New Zealand,TUD: Trade union density,PT_SAL: Percentage of employees,2011,20.5,,,1: One
OECD.ELS.SAE:DSD_TUD_CBC@DF_TUD(1.0),NZL: New Zealand,TUD: Trade union density,PT_SAL: Percentage of employees,2012,20.299999,,,1: One
OECD.ELS.SAE:DSD_TUD_CBC@DF_TUD(1.0),NZL: New Zealand,TUD: Trade union density,PT_SAL: Percentage of employees,2013,19.5,,,1: One
OECD.ELS.SAE:DSD_TUD_CBC@DF_TUD(1.0),NZL: New Zealand,TUD: Trade union density,PT_SAL: Percentage of employees,2014,18.6,,,1: One
OECD.ELS.SAE:DSD_TUD_CBC@DF_TUD(1.0),NZL: New Zealand,TUD: Trade union density,PT_SAL: Percentage of employees,2015,17.9,,,1: One
OECD.ELS.SAE:DSD_TUD_CBC@DF_TUD(1.0),NZL: New Zealand,TUD: Trade union density,PT_SAL: Percentage of employees,2016,17.799999,,,1: One
OECD.ELS.SAE:DSD_TUD_CBC@DF_TUD(1.0),NZL: New Zealand,TUD: Trade union density,PT_SAL: Percentage of employees,2017,17.5,,,1: One
OECD.ELS.SAE:DSD_TUD_CBC@DF_TUD(1.0),NZL: New Zealand,TUD: Trade union density,PT_SAL: Percentage of employees,2018,17.700001,,,1: One
OECD.ELS.SAE:DSD_TUD_CBC@DF_TUD(1.0),PRT: Portugal,TUD: Trade union density,PT_SAL: Percentage of employees,2002,20.5,,,1: One
OECD.ELS.SAE:DSD_TUD_CBC@DF_TUD(1.0),PRT: Portugal,TUD: Trade union density,PT_SAL: Percentage of employees,2003,21.1,,,1: One
OECD.ELS.SAE:DSD_TUD_CBC@DF_TUD(1.0),PRT: Portugal,TUD: Trade union density,PT_SAL: Percentage of employees,2004,21.6,,,1: One
OECD.ELS.SAE:DSD_TUD_CBC@DF_TUD(1.0),PRT: Portugal,TUD: Trade union density,PT_SAL: Percentage of employees,2006,21.1,,,1: One
OECD.ELS.SAE:DSD_TUD_CBC@DF_TUD(1.0),PRT: Portugal,TUD: Trade union density,PT_SAL: Percentage of employees,2008,20.700001,,,1: One
OECD.ELS.SAE:DSD_TUD_CBC@DF_TUD(1.0),PRT: Portugal,TUD: Trade union density,PT_SAL: Percentage of employees,2009,20.4,,,1: One
OECD.ELS.SAE:DSD_TUD_CBC@DF_TUD(1.0),PRT: Portugal,TUD: Trade union density,PT_SAL: Percentage of employees,2010,19.6,,,1: One
OECD.ELS.SAE:DSD_TUD_CBC@DF_TUD(1.0),PRT: Portugal,TUD: Trade union density,PT_SAL: Percentage of employees,2011,18.6,,,1: One
OECD.ELS.SAE:DSD_TUD_CBC@DF_TUD(1.0),PRT: Portugal,TUD: Trade union density,PT_SAL: Percentage of employees,2015,16.1,,,1: One
OECD.ELS.SAE:DSD_TUD_CBC@DF_TUD(1.0),PRT: Portugal,TUD: Trade union density,PT_SAL: Percentage of employees,2016,15.3,,,1: One
OECD.ELS.SAE:DSD_TUD_CBC@DF_TUD(1.0),COL: Colombia,TUD: Trade union density,PT_SAL: Percentage of employees,2000,12.3,,,1: One
OECD.ELS.SAE:DSD_TUD_CBC@DF_TUD(1.0),COL: Colombia,TUD: Trade union density,PT_SAL: Percentage of employees,2002,10.9,,,1: One
OECD.ELS.SAE:DSD_TUD_CBC@DF_TUD(1.0),COL: Colombia,TUD: Trade union density,PT_SAL: Percentage of employees,2004,10.5,,,1: One
OECD.ELS.SAE:DSD_TUD_CBC@DF_TUD(1.0),COL: Colombia,TUD: Trade union density,PT_SAL: Percentage of employees,2005,9.6000004,,,1: One
OECD.ELS.SAE:DSD_TUD_CBC@DF_TUD(1.0),COL: Colombia,TUD: Trade union density,PT_SAL: Percentage of employees,2006,9.6000004,,,1: One
OECD.ELS.SAE:DSD_TUD_CBC@DF_TUD(1.0),COL: Colombia,TUD: Trade union density,PT_SAL: Percentage of employees,2008,9.6000004,,,1: One
OECD.ELS.SAE:DSD_TUD_CBC@DF_TUD(1.0),COL: Colombia,TUD: Trade union density,PT_SAL: Percentage of employees,2009,9.3999996,,,1: One
OECD.ELS.SAE:DSD_TUD_CBC@DF_TUD(1.0),COL: Colombia,TUD: Trade union density,PT_SAL: Percentage of employees,2010,9.1999998,,,1: One
OECD.ELS.SAE:DSD_TUD_CBC@DF_TUD(1.0),COL: Colombia,TUD: Trade union density,PT_SAL: Percentage of employees,2011,9.1000004,,,1: One
OECD.ELS.SAE:DSD_TUD_CBC@DF_TUD(1.0),COL: Colombia,TUD: Trade union density,PT_SAL: Percentage of employees,2012,9.1000004,,,1: One
OECD.ELS.SAE:DSD_TUD_CBC@DF_TUD(1.0),COL: Colombia,TUD: Trade union density,PT_SAL: Percentage of employees,2013,9.6999998,,,1: One
OECD.ELS.SAE:DSD_TUD_CBC@DF_TUD(1.0),COL: Colombia,TUD: Trade union density,PT_SAL: Percentage of employees,2014,9.6000004,,,1: One
OECD.ELS.SAE:DSD_TUD_CBC@DF_TUD(1.0),COL: Colombia,TUD: Trade union density,PT_SAL: Percentage of employees,2015,9.3999996,,,1: One
OECD.ELS.SAE:DSD_TUD_CBC@DF_TUD(1.0),COL: Colombia,TUD: Trade union density,PT_SAL: Percentage of employees,2016,9.5,,,1: One
OECD.ELS.SAE:DSD_TUD_CBC@DF_TUD(1.0),COL: Colombia,TUD: Trade union density,PT_SAL: Percentage of employees,2017,9.5,,,1: One
OECD.ELS.SAE:DSD_TUD_CBC@DF_TUD(1.0),POL: Poland,TUD: Trade union density,PT_SAL: Percentage of employees,2000,23.5,,,1: One
OECD.ELS.SAE:DSD_TUD_CBC@DF_TUD(1.0),POL: Poland,TUD: Trade union density,PT_SAL: Percentage of employees,2001,22.299999,,,1: One
OECD.ELS.SAE:DSD_TUD_CBC@DF_TUD(1.0),POL: Poland,TUD: Trade union density,PT_SAL: Percentage of employees,2002,22.799999,,,1: One
OECD.ELS.SAE:DSD_TUD_CBC@DF_TUD(1.0),POL: Poland,TUD: Trade union density,PT_SAL: Percentage of employees,2003,22.9,,,1: One
OECD.ELS.SAE:DSD_TUD_CBC@DF_TUD(1.0),POL: Poland,TUD: Trade union density,PT_SAL: Percentage of employees,2004,22.9,,,1: One
OECD.ELS.SAE:DSD_TUD_CBC@DF_TUD(1.0),POL: Poland,TUD: Trade union density,PT_SAL: Percentage of employees,2005,23.799999,,,1: One
OECD.ELS.SAE:DSD_TUD_CBC@DF_TUD(1.0),POL: Poland,TUD: Trade union density,PT_SAL: Percentage of employees,2006,17.9,,,1: One
OECD.ELS.SAE:DSD_TUD_CBC@DF_TUD(1.0),POL: Poland,TUD: Trade union density,PT_SAL: Percentage of employees,2007,16.700001,,,1: One
OECD.ELS.SAE:DSD_TUD_CBC@DF_TUD(1.0),POL: Poland,TUD: Trade union density,PT_SAL: Percentage of employees,2008,15.7,,,1: One
OECD.ELS.SAE:DSD_TUD_CBC@DF_TUD(1.0),POL: Poland,TUD: Trade union density,PT_SAL: Percentage of employees,2009,15.4,,,1: One
OECD.ELS.SAE:DSD_TUD_CBC@DF_TUD(1.0),POL: Poland,TUD: Trade union density,PT_SAL: Percentage of employees,2010,17.4,,,1: One
OECD.ELS.SAE:DSD_TUD_CBC@DF_TUD(1.0),POL: Poland,TUD: Trade union density,PT_SAL: Percentage of employees,2011,17.299999,,,1: One
OECD.ELS.SAE:DSD_TUD_CBC@DF_TUD(1.0),POL: Poland,TUD: Trade union density,PT_SAL: Percentage of employees,2012,16.6,,,1: One
OECD.ELS.SAE:DSD_TUD_CBC@DF_TUD(1.0),POL: Poland,TUD: Trade union density,PT_SAL: Percentage of employees,2014,16.5,,,1: One
OECD.ELS.SAE:DSD_TUD_CBC@DF_TUD(1.0),POL: Poland,TUD: Trade union density,PT_SAL: Percentage of employees,2016,14.1,,,1: One
OECD.ELS.SAE:DSD_TUD_CBC@DF_TUD(1.0),POL: Poland,TUD: Trade union density,PT_SAL: Percentage of employees,2017,13.4,,,1: One
OECD.ELS.SAE:DSD_TUD_CBC@DF_TUD(1.0),NOR: Norway,TUD: Trade union density,PT_SAL: Percentage of employees,2000,53.599998,,,1: One
OECD.ELS.SAE:DSD_TUD_CBC@DF_TUD(1.0),NOR: Norway,TUD: Trade union density,PT_SAL: Percentage of employees,2001,52.599998,,,1: One
OECD.ELS.SAE:DSD_TUD_CBC@DF_TUD(1.0),NOR: Norway,TUD: Trade union density,PT_SAL: Percentage of employees,2002,52.799999,,,1: One
OECD.ELS.SAE:DSD_TUD_CBC@DF_TUD(1.0),NOR: Norway,TUD: Trade union density,PT_SAL: Percentage of employees,2003,51.799999,,,1: One
OECD.ELS.SAE:DSD_TUD_CBC@DF_TUD(1.0),NOR: Norway,TUD: Trade union density,PT_SAL: Percentage of employees,2004,51.599998,,,1: One
OECD.ELS.SAE:DSD_TUD_CBC@DF_TUD(1.0),NOR: Norway,TUD: Trade union density,PT_SAL: Percentage of employees,2005,51.200001,,,1: One
OECD.ELS.SAE:DSD_TUD_CBC@DF_TUD(1.0),NOR: Norway,TUD: Trade union density,PT_SAL: Percentage of employees,2006,51.099998,,,1: One
OECD.ELS.SAE:DSD_TUD_CBC@DF_TUD(1.0),NOR: Norway,TUD: Trade union density,PT_SAL: Percentage of employees,2007,50.099998,,,1: One
OECD.ELS.SAE:DSD_TUD_CBC@DF_TUD(1.0),NOR: Norway,TUD: Trade union density,PT_SAL: Percentage of employees,2008,49.799999,,,1: One
OECD.ELS.SAE:DSD_TUD_CBC@DF_TUD(1.0),NOR: Norway,TUD: Trade union density,PT_SAL: Percentage of employees,2009,50.299999,,,1: One
OECD.ELS.SAE:DSD_TUD_CBC@DF_TUD(1.0),NOR: Norway,TUD: Trade union density,PT_SAL: Percentage of employees,2010,50.5,,,1: One
OECD.ELS.SAE:DSD_TUD_CBC@DF_TUD(1.0),NOR: Norway,TUD: Trade union density,PT_SAL: Percentage of employees,2011,49.900002,,,1: One
OECD.ELS.SAE:DSD_TUD_CBC@DF_TUD(1.0),NOR: Norway,TUD: Trade union density,PT_SAL: Percentage of employees,2012,49.900002,,,1: One
OECD.ELS.SAE:DSD_TUD_CBC@DF_TUD(1.0),NOR: Norway,TUD: Trade union density,PT_SAL: Percentage of employees,2013,49.799999,,,1: One
OECD.ELS.SAE:DSD_TUD_CBC@DF_TUD(1.0),NOR: Norway,TUD: Trade union density,PT_SAL: Percentage of employees,2014,50.099998,,,1: One
OECD.ELS.SAE:DSD_TUD_CBC@DF_TUD(1.0),NOR: Norway,TUD: Trade union density,PT_SAL: Percentage of employees,2015,49.799999,,,1: One
OECD.ELS.SAE:DSD_TUD_CBC@DF_TUD(1.0),NOR: Norway,TUD: Trade union density,PT_SAL: Percentage of employees,2016,50,,,1: One
OECD.ELS.SAE:DSD_TUD_CBC@DF_TUD(1.0),NOR: Norway,TUD: Trade union density,PT_SAL: Percentage of employees,2017,50,,,1: One
OECD.ELS.SAE:DSD_TUD_CBC@DF_TUD(1.0),NOR: Norway,TUD: Trade union density,PT_SAL: Percentage of employees,2018,49.900002,,,1: One
OECD.ELS.SAE:DSD_TUD_CBC@DF_TUD(1.0),NOR: Norway,TUD: Trade union density,PT_SAL: Percentage of employees,2019,50.400002,,,1: One
OECD.ELS.SAE:DSD_TUD_CBC@DF_TUD(1.0),HUN: Hungary,TUD: Trade union density,PT_SAL: Percentage of employees,2000,23.799999,,,1: One
OECD.ELS.SAE:DSD_TUD_CBC@DF_TUD(1.0),HUN: Hungary,TUD: Trade union density,PT_SAL: Percentage of employees,2001,20.4,,,1: One
OECD.ELS.SAE:DSD_TUD_CBC@DF_TUD(1.0),HUN: Hungary,TUD: Trade union density,PT_SAL: Percentage of employees,2003,18.9,,,1: One
OECD.ELS.SAE:DSD_TUD_CBC@DF_TUD(1.0),HUN: Hungary,TUD: Trade union density,PT_SAL: Percentage of employees,2004,17.9,,,1: One
OECD.ELS.SAE:DSD_TUD_CBC@DF_TUD(1.0),HUN: Hungary,TUD: Trade union density,PT_SAL: Percentage of employees,2005,17.299999,,,1: One
OECD.ELS.SAE:DSD_TUD_CBC@DF_TUD(1.0),HUN: Hungary,TUD: Trade union density,PT_SAL: Percentage of employees,2008,15.3,,,1: One
OECD.ELS.SAE:DSD_TUD_CBC@DF_TUD(1.0),HUN: Hungary,TUD: Trade union density,PT_SAL: Percentage of employees,2012,12.5,,,1: One
OECD.ELS.SAE:DSD_TUD_CBC@DF_TUD(1.0),HUN: Hungary,TUD: Trade union density,PT_SAL: Percentage of employees,2014,11,,,1: One
OECD.ELS.SAE:DSD_TUD_CBC@DF_TUD(1.0),HUN: Hungary,TUD: Trade union density,PT_SAL: Percentage of employees,2016,9.1999998,,,1: One
OECD.ELS.SAE:DSD_TUD_CBC@DF_TUD(1.0),HUN: Hungary,TUD: Trade union density,PT_SAL: Percentage of employees,2018,8.3000002,,,1: One
OECD.ELS.SAE:DSD_TUD_CBC@DF_TUD(1.0),BEL: Belgium,TUD: Trade union density,PT_SAL: Percentage of employees,2000,56.599998,,,1: One
OECD.ELS.SAE:DSD_TUD_CBC@DF_TUD(1.0),BEL: Belgium,TUD: Trade union density,PT_SAL: Percentage of employees,2001,57.599998,,,1: One
OECD.ELS.SAE:DSD_TUD_CBC@DF_TUD(1.0),BEL: Belgium,TUD: Trade union density,PT_SAL: Percentage of employees,2002,56.900002,,,1: One
OECD.ELS.SAE:DSD_TUD_CBC@DF_TUD(1.0),BEL: Belgium,TUD: Trade union density,PT_SAL: Percentage of employees,2003,55.400002,,,1: One
OECD.ELS.SAE:DSD_TUD_CBC@DF_TUD(1.0),BEL: Belgium,TUD: Trade union density,PT_SAL: Percentage of employees,2004,55.299999,,,1: One
OECD.ELS.SAE:DSD_TUD_CBC@DF_TUD(1.0),BEL: Belgium,TUD: Trade union density,PT_SAL: Percentage of employees,2005,54.900002,,,1: One
OECD.ELS.SAE:DSD_TUD_CBC@DF_TUD(1.0),BEL: Belgium,TUD: Trade union density,PT_SAL: Percentage of employees,2006,53.799999,,,1: One
OECD.ELS.SAE:DSD_TUD_CBC@DF_TUD(1.0),BEL: Belgium,TUD: Trade union density,PT_SAL: Percentage of employees,2007,53.599998,,,1: One
OECD.ELS.SAE:DSD_TUD_CBC@DF_TUD(1.0),BEL: Belgium,TUD: Trade union density,PT_SAL: Percentage of employees,2008,53.400002,,,1: One
OECD.ELS.SAE:DSD_TUD_CBC@DF_TUD(1.0),BEL: Belgium,TUD: Trade union density,PT_SAL: Percentage of employees,2009,53.799999,,,1: One
OECD.ELS.SAE:DSD_TUD_CBC@DF_TUD(1.0),BEL: Belgium,TUD: Trade union density,PT_SAL: Percentage of employees,2010,53,,,1: One
OECD.ELS.SAE:DSD_TUD_CBC@DF_TUD(1.0),BEL: Belgium,TUD: Trade union density,PT_SAL: Percentage of employees,2011,54.200001,,,1: One
OECD.ELS.SAE:DSD_TUD_CBC@DF_TUD(1.0),BEL: Belgium,TUD: Trade union density,PT_SAL: Percentage of employees,2012,54.099998,,,1: One
OECD.ELS.SAE:DSD_TUD_CBC@DF_TUD(1.0),BEL: Belgium,TUD: Trade union density,PT_SAL: Percentage of employees,2013,53.299999,,,1: One
OECD.ELS.SAE:DSD_TUD_CBC@DF_TUD(1.0),BEL: Belgium,TUD: Trade union density,PT_SAL: Percentage of employees,2014,52.900002,,,1: One
OECD.ELS.SAE:DSD_TUD_CBC@DF_TUD(1.0),BEL: Belgium,TUD: Trade union density,PT_SAL: Percentage of employees,2015,52.299999,,,1: One
OECD.ELS.SAE:DSD_TUD_CBC@DF_TUD(1.0),BEL: Belgium,TUD: Trade union density,PT_SAL: Percentage of employees,2016,51.599998,,,1: One
OECD.ELS.SAE:DSD_TUD_CBC@DF_TUD(1.0),BEL: Belgium,TUD: Trade union density,PT_SAL: Percentage of employees,2017,50.700001,,,1: One
OECD.ELS.SAE:DSD_TUD_CBC@DF_TUD(1.0),BEL: Belgium,TUD: Trade union density,PT_SAL: Percentage of employees,2018,50,,,1: One
OECD.ELS.SAE:DSD_TUD_CBC@DF_TUD(1.0),BEL: Belgium,TUD: Trade union density,PT_SAL: Percentage of employees,2019,49.099998,,,1: One
OECD.ELS.SAE:DSD_TUD_CBC@DF_TUD(1.0),ISR: Israel,TUD: Trade union density,PT_SAL: Percentage of employees,2000,37.700001,,,1: One
OECD.ELS.SAE:DSD_TUD_CBC@DF_TUD(1.0),ISR: Israel,TUD: Trade union density,PT_SAL: Percentage of employees,2007,30.299999,,,1: One
OECD.ELS.SAE:DSD_TUD_CBC@DF_TUD(1.0),ISR: Israel,TUD: Trade union density,PT_SAL: Percentage of employees,2012,22.799999,,,1: One
OECD.ELS.SAE:DSD_TUD_CBC@DF_TUD(1.0),ISR: Israel,TUD: Trade union density,PT_SAL: Percentage of employees,2017,25,,,1: One
OECD.ELS.SAE:DSD_TUD_CBC@DF_TUD(1.0),AUT: Austria,TUD: Trade union density,PT_SAL: Percentage of employees,2000,36.900002,,,1: One
OECD.ELS.SAE:DSD_TUD_CBC@DF_TUD(1.0),AUT: Austria,TUD: Trade union density,PT_SAL: Percentage of employees,2001,36.200001,,,1: One
OECD.ELS.SAE:DSD_TUD_CBC@DF_TUD(1.0),AUT: Austria,TUD: Trade union density,PT_SAL: Percentage of employees,2002,36,,,1: One
OECD.ELS.SAE:DSD_TUD_CBC@DF_TUD(1.0),AUT: Austria,TUD: Trade union density,PT_SAL: Percentage of employees,2003,34.599998,,,1: One
OECD.ELS.SAE:DSD_TUD_CBC@DF_TUD(1.0),AUT: Austria,TUD: Trade union density,PT_SAL: Percentage of employees,2004,34.799999,,,1: One
OECD.ELS.SAE:DSD_TUD_CBC@DF_TUD(1.0),AUT: Austria,TUD: Trade union density,PT_SAL: Percentage of employees,2005,33.799999,,,1: One
OECD.ELS.SAE:DSD_TUD_CBC@DF_TUD(1.0),AUT: Austria,TUD: Trade union density,PT_SAL: Percentage of employees,2006,31.6,,,1: One
OECD.ELS.SAE:DSD_TUD_CBC@DF_TUD(1.0),AUT: Austria,TUD: Trade union density,PT_SAL: Percentage of employees,2007,30.4,,,1: One
OECD.ELS.SAE:DSD_TUD_CBC@DF_TUD(1.0),AUT: Austria,TUD: Trade union density,PT_SAL: Percentage of employees,2008,29.6,,,1: One
OECD.ELS.SAE:DSD_TUD_CBC@DF_TUD(1.0),AUT: Austria,TUD: Trade union density,PT_SAL: Percentage of employees,2009,29.299999,,,1: One
OECD.ELS.SAE:DSD_TUD_CBC@DF_TUD(1.0),AUT: Austria,TUD: Trade union density,PT_SAL: Percentage of employees,2010,28.9,,,1: One
OECD.ELS.SAE:DSD_TUD_CBC@DF_TUD(1.0),AUT: Austria,TUD: Trade union density,PT_SAL: Percentage of employees,2011,28.299999,,,1: One
OECD.ELS.SAE:DSD_TUD_CBC@DF_TUD(1.0),AUT: Austria,TUD: Trade union density,PT_SAL: Percentage of employees,2012,28,,,1: One
OECD.ELS.SAE:DSD_TUD_CBC@DF_TUD(1.0),AUT: Austria,TUD: Trade union density,PT_SAL: Percentage of employees,2013,27.799999,,,1: One
OECD.ELS.SAE:DSD_TUD_CBC@DF_TUD(1.0),AUT: Austria,TUD: Trade union density,PT_SAL: Percentage of employees,2014,27.700001,,,1: One
OECD.ELS.SAE:DSD_TUD_CBC@DF_TUD(1.0),AUT: Austria,TUD: Trade union density,PT_SAL: Percentage of employees,2015,27.4,,,1: One
OECD.ELS.SAE:DSD_TUD_CBC@DF_TUD(1.0),AUT: Austria,TUD: Trade union density,PT_SAL: Percentage of employees,2016,26.9,,,1: One
OECD.ELS.SAE:DSD_TUD_CBC@DF_TUD(1.0),AUT: Austria,TUD: Trade union density,PT_SAL: Percentage of employees,2017,26.700001,,,1: One
OECD.ELS.SAE:DSD_TUD_CBC@DF_TUD(1.0),AUT: Austria,TUD: Trade union density,PT_SAL: Percentage of employees,2018,26.299999,,,1: One
OECD.ELS.SAE:DSD_TUD_CBC@DF_TUD(1.0),AUT: Austria,TUD: Trade union density,PT_SAL: Percentage of employees,2019,26.299999,,,1: One
OECD.ELS.SAE:DSD_TUD_CBC@DF_TUD(1.0),GRC: Greece,TUD: Trade union density,PT_SAL: Percentage of employees,2001,24.9,,,1: One
OECD.ELS.SAE:DSD_TUD_CBC@DF_TUD(1.0),GRC: Greece,TUD: Trade union density,PT_SAL: Percentage of employees,2004,24.1,,,1: One
OECD.ELS.SAE:DSD_TUD_CBC@DF_TUD(1.0),GRC: Greece,TUD: Trade union density,PT_SAL: Percentage of employees,2007,22.6,,,1: One
OECD.ELS.SAE:DSD_TUD_CBC@DF_TUD(1.0),GRC: Greece,TUD: Trade union density,PT_SAL: Percentage of employees,2010,22.200001,,,1: One
OECD.ELS.SAE:DSD_TUD_CBC@DF_TUD(1.0),GRC: Greece,TUD: Trade union density,PT_SAL: Percentage of employees,2013,23.1,,,1: One
OECD.ELS.SAE:DSD_TUD_CBC@DF_TUD(1.0),GRC: Greece,TUD: Trade union density,PT_SAL: Percentage of employees,2016,19,,,1: One
OECD.ELS.SAE:DSD_TUD_CBC@DF_TUD(1.0),EST: Estonia,TUD: Trade union density,PT_SAL: Percentage of employees,2000,14,,,1: One
OECD.ELS.SAE:DSD_TUD_CBC@DF_TUD(1.0),EST: Estonia,TUD: Trade union density,PT_SAL: Percentage of employees,2001,14,,,1: One
OECD.ELS.SAE:DSD_TUD_CBC@DF_TUD(1.0),EST: Estonia,TUD: Trade union density,PT_SAL: Percentage of employees,2002,12.6,,,1: One
OECD.ELS.SAE:DSD_TUD_CBC@DF_TUD(1.0),EST: Estonia,TUD: Trade union density,PT_SAL: Percentage of employees,2003,11,,,1: One
OECD.ELS.SAE:DSD_TUD_CBC@DF_TUD(1.0),EST: Estonia,TUD: Trade union density,PT_SAL: Percentage of employees,2004,9.3999996,,,1: One
OECD.ELS.SAE:DSD_TUD_CBC@DF_TUD(1.0),EST: Estonia,TUD: Trade union density,PT_SAL: Percentage of employees,2005,8.6999998,,,1: One
OECD.ELS.SAE:DSD_TUD_CBC@DF_TUD(1.0),EST: Estonia,TUD: Trade union density,PT_SAL: Percentage of employees,2006,8.3999996,,,1: One
OECD.ELS.SAE:DSD_TUD_CBC@DF_TUD(1.0),EST: Estonia,TUD: Trade union density,PT_SAL: Percentage of employees,2007,7.5999999,,,1: One
OECD.ELS.SAE:DSD_TUD_CBC@DF_TUD(1.0),EST: Estonia,TUD: Trade union density,PT_SAL: Percentage of employees,2008,6.1999998,,,1: One
OECD.ELS.SAE:DSD_TUD_CBC@DF_TUD(1.0),EST: Estonia,TUD: Trade union density,PT_SAL: Percentage of employees,2009,7.5999999,,,1: One
OECD.ELS.SAE:DSD_TUD_CBC@DF_TUD(1.0),EST: Estonia,TUD: Trade union density,PT_SAL: Percentage of employees,2010,8.1999998,,,1: One
OECD.ELS.SAE:DSD_TUD_CBC@DF_TUD(1.0),EST: Estonia,TUD: Trade union density,PT_SAL: Percentage of employees,2011,7,,,1: One
OECD.ELS.SAE:DSD_TUD_CBC@DF_TUD(1.0),EST: Estonia,TUD: Trade union density,PT_SAL: Percentage of employees,2012,6,,,1: One
OECD.ELS.SAE:DSD_TUD_CBC@DF_TUD(1.0),EST: Estonia,TUD: Trade union density,PT_SAL: Percentage of employees,2013,5.5999999,,,1: One
OECD.ELS.SAE:DSD_TUD_CBC@DF_TUD(1.0),EST: Estonia,TUD: Trade union density,PT_SAL: Percentage of employees,2014,5.3000002,,,1: One
OECD.ELS.SAE:DSD_TUD_CBC@DF_TUD(1.0),EST: Estonia,TUD: Trade union density,PT_SAL: Percentage of employees,2015,4.5,,,1: One
OECD.ELS.SAE:DSD_TUD_CBC@DF_TUD(1.0),EST: Estonia,TUD: Trade union density,PT_SAL: Percentage of employees,2016,5,,,1: One
OECD.ELS.SAE:DSD_TUD_CBC@DF_TUD(1.0),EST: Estonia,TUD: Trade union density,PT_SAL: Percentage of employees,2017,4.6999998,,,1: One
OECD.ELS.SAE:DSD_TUD_CBC@DF_TUD(1.0),EST: Estonia,TUD: Trade union density,PT_SAL: Percentage of employees,2018,5.9000001,,,1: One
OECD.ELS.SAE:DSD_TUD_CBC@DF_TUD(1.0),EST: Estonia,TUD: Trade union density,PT_SAL: Percentage of employees,2019,6,,,1: One
OECD.ELS.SAE:DSD_TUD_CBC@DF_TUD(1.0),ISL: Iceland,TUD: Trade union density,PT_SAL: Percentage of employees,2000,89.099998,,,1: One
OECD.ELS.SAE:DSD_TUD_CBC@DF_TUD(1.0),ISL: Iceland,TUD: Trade union density,PT_SAL: Percentage of employees,2001,88.900002,,,1: One
OECD.ELS.SAE:DSD_TUD_CBC@DF_TUD(1.0),ISL: Iceland,TUD: Trade union density,PT_SAL: Percentage of employees,2002,93.300003,,,1: One
OECD.ELS.SAE:DSD_TUD_CBC@DF_TUD(1.0),ISL: Iceland,TUD: Trade union density,PT_SAL: Percentage of employees,2003,86.5,,,1: One
OECD.ELS.SAE:DSD_TUD_CBC@DF_TUD(1.0),ISL: Iceland,TUD: Trade union density,PT_SAL: Percentage of employees,2004,84.099998,,,1: One
OECD.ELS.SAE:DSD_TUD_CBC@DF_TUD(1.0),ISL: Iceland,TUD: Trade union density,PT_SAL: Percentage of employees,2005,84.099998,,,1: One
OECD.ELS.SAE:DSD_TUD_CBC@DF_TUD(1.0),ISL: Iceland,TUD: Trade union density,PT_SAL: Percentage of employees,2006,85.199997,,,1: One
OECD.ELS.SAE:DSD_TUD_CBC@DF_TUD(1.0),ISL: Iceland,TUD: Trade union density,PT_SAL: Percentage of employees,2007,84.900002,,,1: One
OECD.ELS.SAE:DSD_TUD_CBC@DF_TUD(1.0),ISL: Iceland,TUD: Trade union density,PT_SAL: Percentage of employees,2008,84.699997,,,1: One
OECD.ELS.SAE:DSD_TUD_CBC@DF_TUD(1.0),ISL: Iceland,TUD: Trade union density,PT_SAL: Percentage of employees,2009,84.900002,,,1: One
OECD.ELS.SAE:DSD_TUD_CBC@DF_TUD(1.0),ISL: Iceland,TUD: Trade union density,PT_SAL: Percentage of employees,2010,85.199997,,,1: One
OECD.ELS.SAE:DSD_TUD_CBC@DF_TUD(1.0),ISL: Iceland,TUD: Trade union density,PT_SAL: Percentage of employees,2011,85,,,1: One
OECD.ELS.SAE:DSD_TUD_CBC@DF_TUD(1.0),ISL: Iceland,TUD: Trade union density,PT_SAL: Percentage of employees,2012,85.300003,,,1: One
OECD.ELS.SAE:DSD_TUD_CBC@DF_TUD(1.0),ISL: Iceland,TUD: Trade union density,PT_SAL: Percentage of employees,2013,88.900002,,,1: One
OECD.ELS.SAE:DSD_TUD_CBC@DF_TUD(1.0),ISL: Iceland,TUD: Trade union density,PT_SAL: Percentage of employees,2014,90.400002,,,1: One
OECD.ELS.SAE:DSD_TUD_CBC@DF_TUD(1.0),ISL: Iceland,TUD: Trade union density,PT_SAL: Percentage of employees,2015,91.599998,,,1: One
OECD.ELS.SAE:DSD_TUD_CBC@DF_TUD(1.0),ISL: Iceland,TUD: Trade union density,PT_SAL: Percentage of employees,2016,90.400002,,,1: One
OECD.ELS.SAE:DSD_TUD_CBC@DF_TUD(1.0),ISL: Iceland,TUD: Trade union density,PT_SAL: Percentage of employees,2017,91,,,1: One
OECD.ELS.SAE:DSD_TUD_CBC@DF_TUD(1.0),ISL: Iceland,TUD: Trade union density,PT_SAL: Percentage of employees,2018,90.699997,,,1: One
OECD.ELS.SAE:DSD_TUD_CBC@DF_TUD(1.0),ISL: Iceland,TUD: Trade union density,PT_SAL: Percentage of employees,2019,90.699997,,,1: One
OECD.ELS.SAE:DSD_TUD_CBC@DF_TUD(1.0),ISL: Iceland,TUD: Trade union density,PT_SAL: Percentage of employees,2020,92.199997,,,1: One
OECD.ELS.SAE:DSD_TUD_CBC@DF_TUD(1.0),GBR: United Kingdom,TUD: Trade union density,PT_SAL: Percentage of employees,2000,29.799999,,,1: One
OECD.ELS.SAE:DSD_TUD_CBC@DF_TUD(1.0),GBR: United Kingdom,TUD: Trade union density,PT_SAL: Percentage of employees,2001,29.299999,,,1: One
OECD.ELS.SAE:DSD_TUD_CBC@DF_TUD(1.0),GBR: United Kingdom,TUD: Trade union density,PT_SAL: Percentage of employees,2002,28.799999,,,1: One
OECD.ELS.SAE:DSD_TUD_CBC@DF_TUD(1.0),GBR: United Kingdom,TUD: Trade union density,PT_SAL: Percentage of employees,2003,29.299999,,,1: One
OECD.ELS.SAE:DSD_TUD_CBC@DF_TUD(1.0),GBR: United Kingdom,TUD: Trade union density,PT_SAL: Percentage of employees,2004,28.799999,,,1: One
OECD.ELS.SAE:DSD_TUD_CBC@DF_TUD(1.0),GBR: United Kingdom,TUD: Trade union density,PT_SAL: Percentage of employees,2005,28.6,,,1: One
OECD.ELS.SAE:DSD_TUD_CBC@DF_TUD(1.0),GBR: United Kingdom,TUD: Trade union density,PT_SAL: Percentage of employees,2006,28.299999,,,1: One
OECD.ELS.SAE:DSD_TUD_CBC@DF_TUD(1.0),GBR: United Kingdom,TUD: Trade union density,PT_SAL: Percentage of employees,2007,28,,,1: One
OECD.ELS.SAE:DSD_TUD_CBC@DF_TUD(1.0),GBR: United Kingdom,TUD: Trade union density,PT_SAL: Percentage of employees,2008,27.5,,,1: One
OECD.ELS.SAE:DSD_TUD_CBC@DF_TUD(1.0),GBR: United Kingdom,TUD: Trade union density,PT_SAL: Percentage of employees,2009,27.4,,,1: One
OECD.ELS.SAE:DSD_TUD_CBC@DF_TUD(1.0),GBR: United Kingdom,TUD: Trade union density,PT_SAL: Percentage of employees,2010,26.6,,,1: One
OECD.ELS.SAE:DSD_TUD_CBC@DF_TUD(1.0),GBR: United Kingdom,TUD: Trade union density,PT_SAL: Percentage of employees,2011,26,,,1: One
OECD.ELS.SAE:DSD_TUD_CBC@DF_TUD(1.0),GBR: United Kingdom,TUD: Trade union density,PT_SAL: Percentage of employees,2012,26.1,,,1: One
OECD.ELS.SAE:DSD_TUD_CBC@DF_TUD(1.0),GBR: United Kingdom,TUD: Trade union density,PT_SAL: Percentage of employees,2013,25.6,,,1: One
OECD.ELS.SAE:DSD_TUD_CBC@DF_TUD(1.0),GBR: United Kingdom,TUD: Trade union density,PT_SAL: Percentage of employees,2014,25,,,1: One
OECD.ELS.SAE:DSD_TUD_CBC@DF_TUD(1.0),GBR: United Kingdom,TUD: Trade union density,PT_SAL: Percentage of employees,2015,24.700001,,,1: One
OECD.ELS.SAE:DSD_TUD_CBC@DF_TUD(1.0),GBR: United Kingdom,TUD: Trade union density,PT_SAL: Percentage of employees,2016,23.6,,,1: One
OECD.ELS.SAE:DSD_TUD_CBC@DF_TUD(1.0),GBR: United Kingdom,TUD: Trade union density,PT_SAL: Percentage of employees,2017,23.299999,,,1: One
OECD.ELS.SAE:DSD_TUD_CBC@DF_TUD(1.0),GBR: United Kingdom,TUD: Trade union density,PT_SAL: Percentage of employees,2018,23.4,,,1: One
OECD.ELS.SAE:DSD_TUD_CBC@DF_TUD(1.0),GBR: United Kingdom,TUD: Trade union density,PT_SAL: Percentage of employees,2019,23.5,,,1: One
OECD.ELS.SAE:DSD_TUD_CBC@DF_TUD(1.0),FRA: France,TUD: Trade union density,PT_SAL: Percentage of employees,2000,10.8,,,1: One
OECD.ELS.SAE:DSD_TUD_CBC@DF_TUD(1.0),FRA: France,TUD: Trade union density,PT_SAL: Percentage of employees,2001,10.8,,,1: One
OECD.ELS.SAE:DSD_TUD_CBC@DF_TUD(1.0),FRA: France,TUD: Trade union density,PT_SAL: Percentage of employees,2002,10.8,,,1: One
OECD.ELS.SAE:DSD_TUD_CBC@DF_TUD(1.0),FRA: France,TUD: Trade union density,PT_SAL: Percentage of employees,2003,10.8,,,1: One
OECD.ELS.SAE:DSD_TUD_CBC@DF_TUD(1.0),FRA: France,TUD: Trade union density,PT_SAL: Percentage of employees,2004,10.5,,,1: One
OECD.ELS.SAE:DSD_TUD_CBC@DF_TUD(1.0),FRA: France,TUD: Trade union density,PT_SAL: Percentage of employees,2005,10.5,,,1: One
OECD.ELS.SAE:DSD_TUD_CBC@DF_TUD(1.0),FRA: France,TUD: Trade union density,PT_SAL: Percentage of employees,2008,10.6,,,1: One
OECD.ELS.SAE:DSD_TUD_CBC@DF_TUD(1.0),FRA: France,TUD: Trade union density,PT_SAL: Percentage of employees,2010,10.8,,,1: One
OECD.ELS.SAE:DSD_TUD_CBC@DF_TUD(1.0),FRA: France,TUD: Trade union density,PT_SAL: Percentage of employees,2013,11,,,1: One
OECD.ELS.SAE:DSD_TUD_CBC@DF_TUD(1.0),FRA: France,TUD: Trade union density,PT_SAL: Percentage of employees,2016,10.8,,,1: One
OECD.ELS.SAE:DSD_TUD_CBC@DF_TUD(1.0),LVA: Latvia,TUD: Trade union density,PT_SAL: Percentage of employees,2003,21,,,1: One
OECD.ELS.SAE:DSD_TUD_CBC@DF_TUD(1.0),LVA: Latvia,TUD: Trade union density,PT_SAL: Percentage of employees,2006,18,,,1: One
OECD.ELS.SAE:DSD_TUD_CBC@DF_TUD(1.0),LVA: Latvia,TUD: Trade union density,PT_SAL: Percentage of employees,2007,16.700001,,,1: One
OECD.ELS.SAE:DSD_TUD_CBC@DF_TUD(1.0),LVA: Latvia,TUD: Trade union density,PT_SAL: Percentage of employees,2008,15.2,,,1: One
OECD.ELS.SAE:DSD_TUD_CBC@DF_TUD(1.0),LVA: Latvia,TUD: Trade union density,PT_SAL: Percentage of employees,2009,15.2,,,1: One
OECD.ELS.SAE:DSD_TUD_CBC@DF_TUD(1.0),LVA: Latvia,TUD: Trade union density,PT_SAL: Percentage of employees,2010,15.1,,,1: One
OECD.ELS.SAE:DSD_TUD_CBC@DF_TUD(1.0),LVA: Latvia,TUD: Trade union density,PT_SAL: Percentage of employees,2011,13.7,,,1: One
OECD.ELS.SAE:DSD_TUD_CBC@DF_TUD(1.0),LVA: Latvia,TUD: Trade union density,PT_SAL: Percentage of employees,2012,13.2,,,1: One
OECD.ELS.SAE:DSD_TUD_CBC@DF_TUD(1.0),LVA: Latvia,TUD: Trade union density,PT_SAL: Percentage of employees,2013,12.9,,,1: One
OECD.ELS.SAE:DSD_TUD_CBC@DF_TUD(1.0),LVA: Latvia,TUD: Trade union density,PT_SAL: Percentage of employees,2014,12.8,,,1: One
OECD.ELS.SAE:DSD_TUD_CBC@DF_TUD(1.0),LVA: Latvia,TUD: Trade union density,PT_SAL: Percentage of employees,2015,12.7,,,1: One
OECD.ELS.SAE:DSD_TUD_CBC@DF_TUD(1.0),LVA: Latvia,TUD: Trade union density,PT_SAL: Percentage of employees,2016,12.4,,,1: One
OECD.ELS.SAE:DSD_TUD_CBC@DF_TUD(1.0),LVA: Latvia,TUD: Trade union density,PT_SAL: Percentage of employees,2017,12.3,,,1: One
OECD.ELS.SAE:DSD_TUD_CBC@DF_TUD(1.0),LVA: Latvia,TUD: Trade union density,PT_SAL: Percentage of employees,2018,11.6,,,1: One
OECD.ELS.SAE:DSD_TUD_CBC@DF_TUD(1.0),CZE: Czech Republic,TUD: Trade union density,PT_SAL: Percentage of employees,2000,27.200001,,,1: One
OECD.ELS.SAE:DSD_TUD_CBC@DF_TUD(1.0),CZE: Czech Republic,TUD: Trade union density,PT_SAL: Percentage of employees,2001,23.799999,,,1: One
OECD.ELS.SAE:DSD_TUD_CBC@DF_TUD(1.0),CZE: Czech Republic,TUD: Trade union density,PT_SAL: Percentage of employees,2002,22.4,,,1: One
OECD.ELS.SAE:DSD_TUD_CBC@DF_TUD(1.0),CZE: Czech Republic,TUD: Trade union density,PT_SAL: Percentage of employees,2003,22.299999,,,1: One
OECD.ELS.SAE:DSD_TUD_CBC@DF_TUD(1.0),CZE: Czech Republic,TUD: Trade union density,PT_SAL: Percentage of employees,2004,20.6,,,1: One
OECD.ELS.SAE:DSD_TUD_CBC@DF_TUD(1.0),CZE: Czech Republic,TUD: Trade union density,PT_SAL: Percentage of employees,2005,19.1,,,1: One
OECD.ELS.SAE:DSD_TUD_CBC@DF_TUD(1.0),CZE: Czech Republic,TUD: Trade union density,PT_SAL: Percentage of employees,2006,18.1,,,1: One
OECD.ELS.SAE:DSD_TUD_CBC@DF_TUD(1.0),CZE: Czech Republic,TUD: Trade union density,PT_SAL: Percentage of employees,2007,17.4,,,1: One
OECD.ELS.SAE:DSD_TUD_CBC@DF_TUD(1.0),CZE: Czech Republic,TUD: Trade union density,PT_SAL: Percentage of employees,2008,16.9,,,1: One
OECD.ELS.SAE:DSD_TUD_CBC@DF_TUD(1.0),CZE: Czech Republic,TUD: Trade union density,PT_SAL: Percentage of employees,2009,16.700001,,,1: One
OECD.ELS.SAE:DSD_TUD_CBC@DF_TUD(1.0),CZE: Czech Republic,TUD: Trade union density,PT_SAL: Percentage of employees,2010,16.1,,,1: One
OECD.ELS.SAE:DSD_TUD_CBC@DF_TUD(1.0),CZE: Czech Republic,TUD: Trade union density,PT_SAL: Percentage of employees,2011,15.4,,,1: One
OECD.ELS.SAE:DSD_TUD_CBC@DF_TUD(1.0),CZE: Czech Republic,TUD: Trade union density,PT_SAL: Percentage of employees,2012,14.8,,,1: One
OECD.ELS.SAE:DSD_TUD_CBC@DF_TUD(1.0),CZE: Czech Republic,TUD: Trade union density,PT_SAL: Percentage of employees,2013,13.6,,,1: One
OECD.ELS.SAE:DSD_TUD_CBC@DF_TUD(1.0),CZE: Czech Republic,TUD: Trade union density,PT_SAL: Percentage of employees,2014,12.9,,,1: One
OECD.ELS.SAE:DSD_TUD_CBC@DF_TUD(1.0),CZE: Czech Republic,TUD: Trade union density,PT_SAL: Percentage of employees,2015,11.9,,,1: One
OECD.ELS.SAE:DSD_TUD_CBC@DF_TUD(1.0),CZE: Czech Republic,TUD: Trade union density,PT_SAL: Percentage of employees,2016,11.9,,,1: One
OECD.ELS.SAE:DSD_TUD_CBC@DF_TUD(1.0),CZE: Czech Republic,TUD: Trade union density,PT_SAL: Percentage of employees,2017,11.7,,,1: One
OECD.ELS.SAE:DSD_TUD_CBC@DF_TUD(1.0),CZE: Czech Republic,TUD: Trade union density,PT_SAL: Percentage of employees,2018,11.4,,,1: One
OECD.ELS.SAE:DSD_TUD_CBC@DF_TUD(1.0),FIN: Finland,TUD: Trade union density,PT_SAL: Percentage of employees,2000,74.199997,,,1: One
OECD.ELS.SAE:DSD_TUD_CBC@DF_TUD(1.0),FIN: Finland,TUD: Trade union density,PT_SAL: Percentage of employees,2001,76.599998,,,1: One
OECD.ELS.SAE:DSD_TUD_CBC@DF_TUD(1.0),FIN: Finland,TUD: Trade union density,PT_SAL: Percentage of employees,2002,75.699997,,,1: One
OECD.ELS.SAE:DSD_TUD_CBC@DF_TUD(1.0),FIN: Finland,TUD: Trade union density,PT_SAL: Percentage of employees,2003,74.5,,,1: One
OECD.ELS.SAE:DSD_TUD_CBC@DF_TUD(1.0),FIN: Finland,TUD: Trade union density,PT_SAL: Percentage of employees,2004,73.5,,,1: One
OECD.ELS.SAE:DSD_TUD_CBC@DF_TUD(1.0),FIN: Finland,TUD: Trade union density,PT_SAL: Percentage of employees,2005,72.699997,,,1: One
OECD.ELS.SAE:DSD_TUD_CBC@DF_TUD(1.0),FIN: Finland,TUD: Trade union density,PT_SAL: Percentage of employees,2006,71.900002,,,1: One
OECD.ELS.SAE:DSD_TUD_CBC@DF_TUD(1.0),FIN: Finland,TUD: Trade union density,PT_SAL: Percentage of employees,2007,71.099998,,,1: One
OECD.ELS.SAE:DSD_TUD_CBC@DF_TUD(1.0),FIN: Finland,TUD: Trade union density,PT_SAL: Percentage of employees,2008,69.900002,,,1: One
OECD.ELS.SAE:DSD_TUD_CBC@DF_TUD(1.0),FIN: Finland,TUD: Trade union density,PT_SAL: Percentage of employees,2009,72.5,,,1: One
OECD.ELS.SAE:DSD_TUD_CBC@DF_TUD(1.0),FIN: Finland,TUD: Trade union density,PT_SAL: Percentage of employees,2010,71.400002,,,1: One
OECD.ELS.SAE:DSD_TUD_CBC@DF_TUD(1.0),FIN: Finland,TUD: Trade union density,PT_SAL: Percentage of employees,2011,69.599998,,,1: One
OECD.ELS.SAE:DSD_TUD_CBC@DF_TUD(1.0),FIN: Finland,TUD: Trade union density,PT_SAL: Percentage of employees,2012,69.199997,,,1: One
OECD.ELS.SAE:DSD_TUD_CBC@DF_TUD(1.0),FIN: Finland,TUD: Trade union density,PT_SAL: Percentage of employees,2013,67.5,,,1: One
OECD.ELS.SAE:DSD_TUD_CBC@DF_TUD(1.0),FIN: Finland,TUD: Trade union density,PT_SAL: Percentage of employees,2014,67.800003,,,1: One
OECD.ELS.SAE:DSD_TUD_CBC@DF_TUD(1.0),FIN: Finland,TUD: Trade union density,PT_SAL: Percentage of employees,2015,67.5,,,1: One
OECD.ELS.SAE:DSD_TUD_CBC@DF_TUD(1.0),FIN: Finland,TUD: Trade union density,PT_SAL: Percentage of employees,2016,65.699997,,,1: One
OECD.ELS.SAE:DSD_TUD_CBC@DF_TUD(1.0),FIN: Finland,TUD: Trade union density,PT_SAL: Percentage of employees,2017,62.900002,,,1: One
OECD.ELS.SAE:DSD_TUD_CBC@DF_TUD(1.0),FIN: Finland,TUD: Trade union density,PT_SAL: Percentage of employees,2018,60,,,1: One
OECD.ELS.SAE:DSD_TUD_CBC@DF_TUD(1.0),FIN: Finland,TUD: Trade union density,PT_SAL: Percentage of employees,2019,58.799999,,,1: One
